anex_xml_id,catalog_hotel_id
487,386
488,395
499,238
505,166
517,398
521,286
525,341
526,397
527,419
529,426
532,459
548,511
553,144294
556,428
559,389
562,181
564,291
566,151
582,118
758,342
769,379
771,467
774,257
775,363
776,470
778,126
779,328
787,435
793,416
796,443
801,340
821,113
822,101
829,178
834,414
902,475
927,148
975,421
976,348
978,277
980,377
981,4188
1048,234
1160,20323
1191,1894
1224,1884
1232,1872
1247,16071
1254,1896
1341,140
1344,504
1366,176
1432,287
1451,381
1565,380
1609,281
1610,282
1613,452
1635,462
1636,329
1757,259
1761,62504
1762,9003
3187,74227
3189,38301
3191,2959
3192,587
3193,593
3194,594
3198,642
3199,645
3201,667
3204,78047
3205,717
3206,742
3207,744
3208,754
3211,763
3212,765
3213,770
3214,781
3215,785
3216,793
3217,805
3220,537
3223,574
3225,629
3226,4270
3227,669
3229,689
3230,730
3231,2047
3234,791
3235,817
3236,818
3239,2956
3240,4235
3241,4272
3246,559
3250,671
3252,519
3257,551
3260,4197
3262,555
3264,620
3265,741
3266,627
3267,628
3268,632
3269,2018
3270,2019
3271,2020
3272,2023
3274,641
3275,644
3277,2026
3278,651
3282,666
3283,668
3285,4336
3287,721
3288,3005
3289,731
3290,743
3291,3010
3292,2898
3294,4385
3295,784
3296,2054
3297,2055
3299,2057
3300,2058
3301,786
3302,4402
3307,809
3308,813
3309,8097
3313,2079
3314,846
3317,849
3318,850
3320,4195
3321,2945
3323,4201
3326,4223
3327,22726
3328,2954
3330,23253
3336,2981
3341,4304
3342,23264
3343,8010
3348,8122
3351,45447
3352,45445
3353,45446
3357,49238
3360,45437
3361,8216
3363,274
3371,807
3376,33420
3379,562
3382,571
3383,4446
3385,586
3388,605
3391,2009
3393,609
3394,115791
3395,671
3397,2013
3399,823
3400,636
3402,638
3403,722
3404,773
3405,776
3406,8141
3407,814
3408,3028
3409,2081
3411,603
3418,545
3422,4255
3423,7922
3425,2990
3426,2991
3427,2993
3434,3027
3435,15695
3436,4438
3437,4239
3438,2001
3439,576
3440,577
3444,2963
3454,275
3455,600
3467,2964
3469,2992
3470,7998
3471,45581
3472,2995
3476,608
3482,4358
3483,44537
3490,7999
3492,708
3765,2977
3773,604
3774,12171
3775,726
3782,2011
3783,673
3784,3029
3785,51908
3821,4232
3834,4384
3835,4380
3837,4331
3850,4183
3860,512
3887,4376
3890,4264
3897,4378
3898,4278
3904,100845
3913,8046
3948,4281
3949,4282
3951,4206
3990,768
3991,766
4030,4196
4031,529
4032,12184
4104,8575
4110,3153
4114,3160
4116,3403
4117,8012
4120,22774
4137,4222
4142,7936
4143,643
4149,2006
4150,601
4234,2903
4255,196
4264,9378
4272,13876
4273,405
4276,4191
4278,547
4279,2003
4280,595
4283,2033
4284,682
4286,811
4289,111
4317,536
4318,2949
4319,2957
4324,4294
4325,661
4327,2034
4329,3030
4330,4429
4332,815
4337,2077
4366,424
4367,1959
4369,4413
4371,4199
4374,4234
4375,4246
4376,4269
4378,4339
4384,4381
4385,4382
4386,4403
4389,4427
4390,4442
4392,711
4394,4367
4395,4228
4398,1993
4399,558
4400,2958
4401,575
4402,581
4405,657
4407,674
4408,678
4409,4316
4412,713
4415,734
4418,810
4421,659
4426,8136
4429,2061
4434,544
4437,4256
4442,771
4443,4328
4444,4327
4446,8026
4448,4333
4451,715
4454,28550
4461,4407
4462,22847
4463,4440
4466,665
4471,4244
4474,4396
4476,737
4479,748
4480,751
4481,4363
4482,800
4484,803
4485,4416
4487,4245
4489,2051
4491,753
4492,735
4498,4313
4501,4297
4502,4347
4507,4354
4511,4434
4517,4253
4518,225
4521,302
4522,746
4523,549
4529,831
4531,4285
4535,77358
4536,9401
4537,8114
4545,8088
4551,12692
4552,12266
4553,12532
4564,12285
4567,12823
4572,12233
4574,12534
4575,22809
4581,4290
4585,4212
4586,935
4587,9368
4588,330
4625,4180
4627,4276
4631,681
4632,4371
4637,3033
4640,4202
4641,12159
4642,7935
4647,851
4656,1998
4662,829
4666,6317
4667,7928
4669,2972
4670,2980
4672,8093
4673,4314
4679,4326
4701,2947
4703,8197
4704,1967
4705,2044
4709,723
4714,9403
4718,7911
4719,7827
4721,719
4731,635
4732,7917
4733,4395
4734,838
4737,4309
4750,680
4752,4430
4754,8229
4757,35033
4759,8121
4763,8020
4765,8062
4768,8151
4769,8193
4772,8122
4774,8190
4778,550
4779,4254
4780,2999
4781,8023
4783,8176
4785,637
4787,853
4788,8086
4790,772
4791,8015
4800,747
4802,938
4809,12195
4811,9385
4814,4193
4816,8428
4817,8427
4837,3157
4838,3158
4943,8165
4944,2961
4946,8171
4949,400
4957,518
4962,50956
4965,752
4970,12177
4971,7889
4973,4417
4977,12209
4978,13127
5010,3018
5011,4250
5016,8186
5017,12180
5019,12162
5021,13128
5022,590
5026,12208
5029,2997
5052,7965
5054,7844
5055,12168
5056,13121
5059,2012
5064,4398
5065,8081
5066,8083
5068,623
5070,8006
5071,8173
5072,8175
5074,13122
5078,13124
5088,12190
5094,2000
5095,13108
5113,8089
5115,280
5125,268
5126,267
5128,450
5137,14048
5140,14047
5142,3009
5145,12207
5151,103125
5153,14141
5155,15698
5157,7985
5164,15704
5166,736
5167,125
5170,22777
5175,20971
5176,15709
5178,22667
5180,22844
5184,22639
5186,103730
5187,777
5188,22706
5193,8178
5196,9365
5199,15729
5200,21477
5205,15711
5211,485
5212,8154
5213,561
5220,21475
5221,22717
5222,22720
5224,22721
5226,572
5228,26077
5229,580
5231,7954
5232,7976
5235,3000
5236,694
5240,22766
5242,2045
5252,2075
5257,22748
5419,22754
5421,3002
5424,3015
5429,925
5436,883
5450,15842
5453,911
5456,296
5460,4151
5468,863
5469,864
5474,895
5477,2087
5485,335
5493,4139
5500,12152
5502,22586
5503,15811
5506,4123
5514,4131
5522,4033
5524,4035
5529,23679
5531,4043
5532,13922
5534,22622
5536,22623
5538,22624
5540,7453
5541,15861
5543,14132
5545,4056
5548,22627
5549,4076
5550,14134
5551,4081
5553,15863
5554,4958
5555,4091
5556,4090
5557,14138
5558,4092
5559,4094
5560,4095
5629,4053
5630,22625
5636,22751
5672,857
5674,4117
5685,2905
5688,871
5690,872
5701,588
5705,22840
5713,4121
5716,22908
5718,780
5729,14139
5732,7830
5733,7839
5736,13947
5740,916
5747,23766
5753,33518
5758,23661
5760,123273
5769,887
5771,22770
5774,24910
5775,698
5777,26765
5778,26664
5779,21747
5780,898
5782,1994
5787,23732
5790,24884
5798,12104
5800,23739
5815,8717
5818,2979
5842,4664
5844,453
5845,24847
5847,7899
5849,7992
5852,22664
5854,2017
5856,4273
5858,15813
5859,23339
5862,58059
5887,4140
5890,26680
5892,32375
5895,32417
5896,32367
5898,57890
5907,28509
5913,6797
5914,13930
5919,110759
5922,32357
5933,4810
5937,4812
5945,4823
5946,4825
5964,16727
5975,16740
5982,27224
6000,8596
6001,3121
6006,3199
6007,3202
6009,3211
6012,18495
6014,18570
6015,18584
6017,22398
6018,3270
6019,8576
6020,8577
6021,3271
6022,8578
6028,3283
6030,3287
6033,8560
6036,3307
6041,3393
6046,4696
6048,4665
6051,4667
6095,4728
6107,4741
6115,4754
6116,4675
6153,16710
6171,3291
6172,3316
6173,3374
6219,16663
6221,18436
6224,16698
6225,18838
6226,18871
6227,18938
6228,16732
6235,104084
6243,18745
6246,18767
6255,3125
6258,3132
6272,8536
6297,8707
6301,8757
6304,8763
6305,8767
6330,16719
6354,3293
6365,3354
6402,20288
6408,8744
6444,8712
6529,32381
6535,33446
6538,21744
6542,28553
6555,2044
6557,24917
6563,26044
6564,33334
6570,32374
6571,33338
6581,18278
6586,27221
6624,13941
6655,1969
6656,23742
6666,32396
6690,33310
6693,32380
6702,23684
6705,14128
6708,33371
6711,23771
6712,13924
6714,32410
6715,32339
6716,13872
6726,29632
6727,4181
6739,8554
6743,33313
6753,32383
6767,32725
6784,33306
6785,4230
6787,32390
6789,2032
6791,28561
6792,33301
6793,33298
6795,738
6796,13110
6797,33337
6799,24870
6802,2067
6803,24921
6805,647
6806,32385
6807,32388
6809,32424
6811,22673
6812,859
6818,23330
6821,899
6830,23655
6834,32440
6835,12156
6840,32392
6859,4103
7270,23835
7271,7091
7272,7126
7281,6973
7284,7025
7285,7024
7286,7029
7287,7057
7288,7118
7289,7178
7295,7244
7297,7278
7314,6860
7320,34685
7321,6802
7323,7085
7324,7098
7329,7180
7330,7182
7332,7184
7335,7253
7336,7306
7339,7389
7345,6991
7346,7054
7348,7119
7352,34691
7354,6883
7357,7185
7361,7210
7362,6985
7363,6927
7378,5004
7381,23728
7389,5006
7391,5027
7397,7221
7400,15819
7404,7023
7421,6983
7422,6978
7429,5102
7433,33307
7434,22634
7445,5124
7448,4989
7450,33354
7452,32399
7457,5010
7461,32397
7462,23759
7466,28265
7468,33396
7469,33507
7470,33394
7474,33299
7477,33311
7478,2029
7479,787
7480,4300
7481,658
7483,51961
7498,23741
7501,23736
7505,2496
7506,2511
7510,2926
7511,8868
7512,2533
7515,4484
7516,2663
7517,2577
7518,2588
7519,2934
7520,2935
7521,4502
7535,32361
7537,43039
7538,5134
7541,2515
7557,5149
7561,5067
7574,4459
7590,5150
7591,5152
7594,20931
7599,5157
7604,32404
7626,2609
7628,2689
7633,2600
7642,33155
7645,37911
7658,2530
7659,22943
7662,4540
7664,33740
7668,8831
7670,2593
7671,2651
7673,2688
7680,16880
7681,45200
7685,43249
7688,6862
7692,4466
7695,24940
7696,2583
7697,8935
7698,2643
7703,39360
7705,16919
7706,58983
7714,2521
7715,2541
7719,7252
7720,7258
7724,7424
7727,33071
7729,819
7730,2048
7738,2641
7739,2661
7747,7269
7748,33357
7755,2584
7760,95159
7764,2655
7769,8098
7770,4204
7776,34659
7777,38382
7784,35016
7786,27478
7794,5063
7795,36303
7806,2646
7808,8921
7811,8948
7815,2638
7816,1992
7818,35018
7830,22939
7841,33739
7843,4523
7844,29587
7845,2602
7849,34431
7858,2573
7862,2603
7868,32368
7871,4499
7872,2664
7874,2686
7875,13828
7876,37913
7880,4460
7884,34430
7897,2561
7905,34558
7908,69110
7910,8947
7911,2645
7918,8860
7923,8889
7924,8890
7925,8907
7928,2015
7929,24879
7930,33324
7931,4401
7936,2526
7937,8908
7939,4503
7953,6861
7955,35317
7961,35136
7964,12164
7965,35017
7967,613
7981,35318
7984,13925
7987,35013
7988,22600
7990,22612
8017,891
8027,16673
8029,38298
8047,37910
8050,8117
8054,37914
8057,33380
8061,24880
8062,28253
8063,38756
8064,38759
8069,37937
8070,29596
8072,4464
8073,20962
8074,33349
8076,5013
8077,4393
8079,22663
8080,38295
8082,7840
8084,37915
8094,129378
8095,28571
8097,37225
8098,37918
8111,22651
8113,40860
8123,40859
8124,38319
8126,38291
8127,4299
8128,26072
8130,41291
8140,725
8145,3136
8150,3140
8151,3267
8154,9412
8158,38337
8159,9413
8166,37247
8171,3368
8172,3355
8176,3349
8177,16621
8181,19140
8188,954
8193,8636
8196,18396
8200,947
8209,956
8210,28441
8219,978
8225,990
8229,993
8232,1002
8233,27642
8235,1016
8244,35302
8248,991
8258,1351
8264,1051
8266,1055
8267,1060
8269,1355
8277,27349
8281,9255
8290,1128
8297,17534
8310,1096
8313,1100
8314,16781
8315,1382
8316,1383
8321,1391
8327,1106
8328,1396
8335,27652
8339,1402
8340,1121
8342,1122
8343,3310
8347,1407
8348,1410
8350,1415
8351,27653
8360,1436
8363,3414
8372,5530
8374,1494
8375,1134
8379,1138
8382,1453
8387,5545
8390,160587
8396,3435
8398,21697
8399,3437
8401,27426
8403,1467
8405,3339
8407,1468
8408,1254
8416,21820
8423,3417
8431,8685
8432,3231
8441,1149
8443,3228
8459,1247
8461,3342
8464,1499
8466,22712
8470,3172
8471,3171
8478,1153
8479,37454
8480,21703
8482,1553
8483,9337
8498,1520
8499,17642
8502,1525
8508,1536
8509,1539
8512,1542
8519,1559
8533,1577
8534,1578
8535,9354
8540,1583
8541,1585
8549,1213
8551,1472
8558,28338
8574,1192
8577,1339
8580,38132
8583,114146
8591,1313
8596,3410
8597,15889
8601,1321
8602,1469
8621,1324
8623,1323
8629,1305
8631,1304
8632,1301
8635,3169
8637,1226
8638,1229
8639,3303
8640,1300
8642,969
8646,1306
8648,1299
8649,9359
8650,37372
8655,1242
8656,1297
8658,1245
8660,1246
8662,1101
8663,16774
8670,1000
8674,1258
8676,1259
8677,3175
8679,2183
8683,3441
8685,1287
8686,21762
8691,3176
8698,3174
8714,3237
8715,40941
8724,8074
8729,3269
8730,3359
8735,8450
8746,3404
8749,7958
8750,24722
8751,33344
8752,7846
8755,3245
8763,3256
8779,22318
8784,3335
8786,3337
8788,17655
8790,17507
8794,31843
8799,28610
8807,17674
8810,17682
8813,28783
8815,3320
8816,3241
8817,3143
8824,28781
8832,3219
8833,37916
8847,3189
8853,18288
8866,4845
8870,965
8871,966
8873,4262
8876,4817
8880,1026
8882,1033
8900,34428
8901,37931
8916,3227
8923,45024
8925,38327
8930,28471
8933,5604
8939,9170
8947,1877
8949,3691
8955,16737
8957,33182
8965,27765
8971,3890
8978,1840
8981,1895
8982,37318
8984,4020
9002,1843
9012,3302
9021,4786
9029,9211
9030,6559
9032,9195
9036,3235
9039,6701
9048,3234
9050,3385
9051,41149
9052,18571
9053,38738
9058,9240
9061,1649
9062,9259
9063,15891
9065,27644
9066,1610
9069,1601
9072,8447
9074,3383
9075,34474
9080,2147
9083,24915
9084,24914
9085,44689
9088,3268
9090,1916
9111,3753
9124,1319
9144,3452
9145,1684
9146,2238
9147,2239
9156,17513
9158,3300
9160,6849
9162,23201
9172,5608
9179,5630
9184,16050
9188,27912
9192,6394
9196,6365
9198,9190
9202,6483
9205,6529
9209,6621
9213,6558
9218,6683
9222,6651
9225,17409
9226,102661
9230,2236
9231,5544
9233,7825
9235,28764
9250,9344
9267,16674
9269,18096
9272,1873
9274,8548
9285,6733
9296,32322
9297,3212
9299,3200
9302,9471
9303,3198
9305,3209
9306,3208
9307,3195
9309,1824
9311,3203
9312,1945
9319,3808
9321,5707
9347,8673
9354,1661
9361,17486
9362,29053
9365,5554
9367,3384
9377,54854
9379,29357
9380,38339
9381,37525
9382,37381
9389,3145
9399,73480
9401,38290
9403,1614
9404,2175
9409,9556
9410,9537
9411,9530
9418,9545
9419,9550
9433,9525
9434,9542
9436,9294
9438,1838
9440,39193
9446,9516
9453,17524
9456,24651
9461,16862
9464,16866
9465,7281
9469,7124
9470,29064
9471,4005
9472,7005
9482,29073
9490,6963
9492,6989
9494,7077
9500,7106
9501,7107
9509,7223
9514,7411
9515,7408
9516,7413
9517,7410
9523,20524
9524,20529
9528,20630
9530,6821
9534,29076
9536,37236
9543,43449
9570,7307
9575,7002
9576,6810
9577,6837
9579,6864
9580,6865
9581,6876
9585,6942
9589,7003
9590,16849
9595,7032
9596,7162
9601,16827
9607,7149
9609,7158
9614,7219
9616,20590
9617,7245
9618,7232
9619,7234
9620,20596
9624,20637
9626,7266
9629,7381
9630,7378
9631,7033
9635,7433
9641,56056
9646,41461
9650,20602
9653,29039
9656,20474
9658,7101
9660,7217
9663,30559
9709,20667
9716,7199
9717,20574
9718,7233
9721,20638
9722,7339
9725,6980
9726,7017
9727,16856
9731,7150
9733,7230
9752,20589
9753,20591
9754,7255
9755,7048
9808,9017
9810,6897
9819,9041
9821,7060
9831,7152
9834,16933
9837,7218
9839,7224
9842,26745
9845,7268
9846,9068
9868,6825
9871,6836
9880,6852
9883,16822
9885,9021
9886,39094
9890,6894
9894,6908
9897,155321
9899,155321
9906,20490
9909,6946
9913,9038
9917,9040
9922,16848
9923,20516
9926,7020
9927,7026
9933,7051
9939,7088
9942,7095
9947,7108
9949,7136
9952,37261
9953,9058
9955,7160
9958,7189
9962,7207
9970,7259
9978,16897
9982,9069
9984,37265
9987,7305
9995,7334
9998,16912
10001,37251
10003,39126
10007,9081
10008,20654
10015,16921
10016,7053
10018,7385
10019,7386
10021,16928
10022,7392
10026,32107
10038,40239
10040,1250
10045,29102
10046,16929
10049,7366
10051,7346
10054,9074
10056,16901
10058,9063
10060,7155
10062,7104
10064,7028
10067,6875
10074,9553
10075,3232
10079,49496
10081,9505
10083,6640
10086,3173
10087,22834
10094,37668
10098,32135
10102,1930
10106,29156
10109,5249
10111,749
10112,9390
10113,4370
10118,28728
10134,1880
10137,3372
10138,22401
10140,8515
10142,3308
10146,2261
10149,40222
10154,41056
10156,28935
10170,20974
10198,30516
10203,4190
10204,156
10205,428
10206,39073
10213,30331
10226,41463
10228,41474
10230,1651
10231,41148
10232,28480
10233,41418
10236,40922
10239,1640
10241,9446
10257,42542
10264,30432
10265,31946
10278,36453
10287,27571
10291,6915
10292,37275
10299,41475
10302,1833
10305,42539
10313,1943
10314,41296
10318,29045
10319,28500
10332,614
10334,9053
10338,41495
10343,6495
10344,41123
10356,7835
10371,1532
10390,9043
10404,22839
10410,8158
10423,43473
10424,43471
10425,15734
10432,38579
10434,43532
10440,15805
10446,242
10447,38607
10451,24925
10452,43480
10454,38299
10455,7860
10456,32011
10459,1189
10461,42988
10462,30556
10463,19132
10466,9388
10478,38754
10479,17613
10488,30223
10491,42986
10493,43814
10508,43488
10510,43513
10515,18575
10520,43489
10523,4132
10526,4111
10527,21748
10531,745
10535,3874
10537,696
10545,32556
10547,34530
10548,34535
10552,26525
10553,58740
10554,26510
10555,2005
10556,43533
10558,43965
10560,58432
10567,16751
10586,34524
10593,8125
10594,43613
10595,34506
10597,26524
10598,43615
10603,35039
10604,43511
10606,13920
10608,13943
10611,9381
10618,23760
10621,13938
10623,122
10624,22675
10629,43520
10631,707
10632,592
10633,9404
10635,879
10638,44687
10646,43527
10647,26070
10648,23695
10651,42534
10654,43966
10659,34556
10664,44448
10665,44977
10667,37218
10677,12181
10679,2955
10680,7990
10682,44544
10690,44543
10693,44589
10698,43923
10699,7412
10700,33303
10709,626
10711,2982
10712,2027
10717,44530
10721,44672
10722,43618
10723,44431
10724,41284
10725,43617
10735,8586
10736,29591
10746,8534
10747,29629
10750,8532
10751,44673
10752,44813
10753,20959
10758,8230
10760,7967
10761,44532
10762,7193
10763,693
10765,33423
10771,44527
10772,43500
10773,8220
10778,44535
10779,15697
10782,5136
10793,44545
10803,621
10809,14044
10812,8840
10816,44661
10822,5062
10823,22758
10829,22645
10835,43061
10838,44641
10843,24919
10844,5179
10848,8166
10851,33645
10853,2866
10854,44953
10858,12150
10862,2799
10866,2805
10867,2825
10868,28064
10869,2810
10871,28065
10875,2535
10876,2794
10879,33695
10880,12138
10881,2845
10882,2856
10884,2060
10885,43474
10886,44868
10887,44972
10889,44973
10893,2827
10894,2849
10895,2790
10896,2789
10898,45119
10901,43640
10903,2821
10904,24506
10906,45407
10908,5408
10911,42552
10913,5389
10915,36392
10916,5393
10920,42536
10921,7946
10923,4372
10925,35141
10929,43238
10934,2808
10936,12132
10938,2841
10941,8889
10942,2928
10944,2818
10945,5395
10946,33641
10947,24466
10955,12149
10965,2847
10966,12146
10968,43652
10971,12145
10972,24459
10973,2839
10974,2932
10977,24458
10981,8887
10982,2813
10983,38647
10985,5399
10987,45123
10988,36398
10990,2833
10991,28075
10992,2837
10994,43742
10995,24726
10996,43687
10997,2807
10998,2828
10999,12140
11002,23199
11003,2861
11010,33653
11014,8839
11015,13850
11022,2826
11024,32329
11025,24457
11026,4513
11030,8887
11031,8838
11032,24505
11033,24504
11034,38672
11035,12304
11040,12782
11042,2834
11061,12136
11063,4515
11064,5383
11066,28073
11069,43688
11070,24731
11073,5410
11079,997
11081,2518
11084,43719
11094,45199
11096,24944
11122,32220
11125,43484
11132,45356
11136,43689
11137,45508
11140,45245
11141,15773
11145,45264
11148,20975
11152,35012
11153,45280
11154,22862
11161,11429
11165,11435
11169,12211
11172,28325
11173,1444
11175,4508
11176,11443
11177,19273
11179,11468
11180,11428
11181,28319
11184,47025
11187,13120
11190,80828
11199,15752
11203,45498
11214,3131
11219,11446
11221,13133
11230,3141
11238,2858
11260,2918
11261,2714
11262,2715
11264,8267
11267,2720
11268,1365
11269,2709
11270,1111
11273,2700
11275,8270
11276,3225
11277,18580
11279,2716
11280,7932
11281,45580
11283,16372
11284,4653
11286,2721
11290,2725
11291,33099
11295,8254
11300,47024
11303,8282
11310,4650
11312,33100
11316,4620
11322,33103
11336,2724
11339,45077
11340,2707
11343,2728
11346,46011
11348,4615
11352,8271
11353,20921
11354,20920
11361,22850
11367,8264
11369,46673
11371,6379
11374,8268
11375,33186
11378,8286
11379,8295
11381,33345
11386,8164
11387,45642
11388,4621
11398,45734
11407,45735
11409,24920
11411,1989
11417,8111
11427,42083
11432,45802
11433,127518
11436,45801
11437,46019
11440,46016
11441,46001
11442,33189
11444,4612
11445,45814
11449,45800
11461,46008
11462,8289
11470,46012
11473,45998
11478,45417
11480,46000
11481,46020
11482,37230
11483,4642
11494,22851
11497,44974
11503,22852
11509,45806
11515,45816
11517,4827
11519,45737
11525,9136
11529,1729
11537,1754
11545,29280
11552,3050
11554,9151
11560,1737
11561,1736
11563,1735
11564,3040
11569,32487
11571,46064
11572,45852
11574,46063
11577,27474
11582,45757
11592,40451
11594,17749
11597,9112
11603,5305
11606,27535
11609,43642
11627,9110
11628,1756
11629,9120
11634,9163
11640,1781
11650,1760
11653,9104
11669,1812
11673,45749
11674,21771
11693,45710
11706,9050
11707,1579
11710,3247
11711,3248
11712,3246
11742,45910
11745,5316
11747,29318
11753,46090
11755,6550
11763,48352
11769,5354
11770,3528
11774,46083
11777,5371
11798,1036
11799,21850
11801,46168
11815,20255
11817,5493
11818,48207
11820,3519
11821,5460
11822,5330
11824,46080
11826,3510
11827,3482
11844,46242
11858,31505
11862,31509
11863,31511
11870,31520
11872,31521
11873,31524
11874,31528
11875,31529
11893,31559
11894,31561
11902,31575
11903,31582
11905,61392
11908,31579
11914,8531
11917,47033
11920,8185
11925,5492
11926,5504
11938,1183
11950,3518
11953,45408
11956,16762
11957,1050
11962,28754
11969,3569
11972,5375
11977,3508
11979,21863
11981,17761
11982,43423
11987,46482
11989,1946
11994,45720
11996,5471
11997,1903
12005,7103
12009,32384
12014,32097
12021,3523
12022,38637
12023,21864
12026,46285
12031,5362
12043,45775
12050,75440
12069,108039
12082,30473
12083,122601
12085,30348
12093,9369
12108,9006
12115,6397
12123,30258
12125,58891
12133,29633
12137,9052
12139,46084
12144,31917
12150,31526
12151,31530
12158,31580
12161,46647
12163,47497
12166,48345
12172,30122
12184,4321
12185,8157
12186,22660
12193,22646
12200,47027
12216,47094
12218,24883
12223,4394
12224,12179
12227,48145
12229,46921
12339,1793
12341,1766
12342,17009
12348,28632
12363,7876
12366,24634
12368,47052
12370,47054
12381,47053
12404,30166
12407,8284
12410,30297
12413,30314
12422,16366
12423,30238
12428,16368
12433,4633
12434,4591
12435,4651
12436,4592
12438,4635
12440,4604
12461,7552
12481,30091
12482,7398
12496,30108
12505,30129
12508,46866
12512,1057
12517,30182
12528,17055
12558,40658
12559,30498
12568,30144
12577,31942
12590,49731
12606,48243
12608,6999
12609,17019
12610,7555
12623,30171
12624,7571
12627,37946
12629,39414
12637,7513
12638,163235
12665,9114
12669,17010
12674,49150
12687,27818
12698,6699
12705,47348
12718,16989
12720,48796
12725,47564
12731,7529
12736,16987
12737,16981
12744,7494
12750,47609
12753,45921
12754,47867
12774,47606
12776,37952
12792,34710
12801,17757
12808,47518
12819,17763
12825,148651
12827,9162
12828,23244
12841,42074
12846,40512
12853,4233
12860,49140
12869,41044
12870,32157
12873,22632
12884,48330
12889,47788
12890,32067
12896,30172
12906,29112
12916,48062
12918,46967
12919,4415
12921,30433
12929,48045
12931,43295
12933,43323
12934,40916
12935,40754
12938,43336
12942,16823
12944,16890
12963,8091
12968,16406
12972,7868
12973,7869
12979,46241
12980,46572
12981,37649
12982,16438
12983,37628
12984,150658
12986,50432
12987,46239
12989,44743
13003,10325
13012,16457
13015,47846
13022,16479
13027,9115
13037,9098
13066,47986
13068,1867
13074,9746
13079,60093
13096,40748
13156,32485
13159,23230
13161,49061
13172,37899
13174,50423
13179,37847
13185,107966
13186,69074
13188,129783
13191,9850
13202,9667
13204,10001
13205,25253
13213,10265
13217,10633
13219,10868
13220,10976
13230,9626
13239,9574
13257,9747
13276,9747
13280,9673
13290,30347
13296,19590
13298,19657
13312,1659
13332,49086
13345,44063
13346,48944
13385,9134
13393,46897
13404,16478
13411,47015
13412,59084
13419,4097
13420,855
13423,884
13424,4100
13426,876
13427,44455
13428,23656
13431,32496
13438,51158
13441,23667
13443,50594
13444,44438
13453,46791
13456,10826
13467,21201
13487,51380
13492,47453
13493,30387
13497,856
13498,2086
13500,2085
13504,2088
13506,45561
13511,47492
13521,30517
13526,38387
13528,38523
13534,30499
13545,41894
13550,5411
13551,30627
13553,48329
13556,43676
13557,4161
13559,2100
13561,26766
13563,44441
13564,890
13568,36397
13573,21749
13574,36343
13579,49519
13589,24609
13596,45660
13602,5402
13606,47655
13607,49522
13608,47097
13611,43671
13618,40715
13625,46701
13627,10541
13633,37613
13636,47016
13637,646
13638,40713
13642,50440
13643,40727
13645,48100
13646,48103
13651,48081
13653,40717
13657,50442
13667,50441
13668,40730
13671,49970
13683,37640
13685,40752
13687,50444
13692,46574
13700,44735
13702,40743
13703,40744
13704,40745
13705,42877
13709,50450
13711,37646
13713,40750
13716,43337
13717,98751
13719,37655
13722,37656
13723,37657
13724,37673
13726,37662
13728,46573
13729,50628
13733,48051
13734,31920
13737,16918
13738,37294
13745,50621
13756,46670
13760,50620
13771,43490
13780,12141
13781,58520
13782,24465
13784,33689
13796,56284
13797,3514
13804,7847
13809,20564
13811,51666
13814,4136
13819,50629
13831,56726
13837,51244
13840,50625
13841,2698
13842,2701
13844,37602
13846,40713
13847,50440
13852,44735
13854,50432
13856,37662
13857,37602
13860,40713
13867,44735
13868,50432
13870,37662
13882,37602
13884,40713
13891,50432
13893,37662
13894,48280
13895,47726
13910,51822
13915,50984
13917,49515
13918,49518
13923,40713
13930,37662
13931,28079
13934,2830
13937,2596
13938,15753
13940,2610
13943,37602
13944,8360
13952,37602
13953,40713
13959,46572
13961,37662
13962,37602
13963,40713
13969,37662
13978,1628
13979,51597
13980,8053
13982,2577
13983,2546
13987,51492
13994,48304
14002,45250
14004,24499
14006,43662
14007,24501
14010,33336
14012,22837
14013,50982
14021,50992
14023,15728
14024,52045
14027,43636
14030,51262
14031,33666
14043,21886
14044,21887
14049,21889
14053,21895
14054,26855
14067,21914
14069,21922
14072,32588
14074,48299
14104,21967
14107,21975
14111,50983
14118,21988
14123,21998
14135,22017
14137,22019
14144,22027
14161,22300
14162,22037
14163,22299
14166,22296
14167,22295
14170,22041
14171,32625
14174,22281
14176,22280
14178,22279
14181,26856
14183,21941
14188,21977
14190,45270
14197,26864
14200,26866
14203,55237
14207,51058
14208,32707
14209,32706
14212,22049
14215,22062
14219,31710
14222,22045
14226,33987
14232,22254
14243,22181
14255,50459
14256,48338
14257,56909
14271,44795
14273,22050
14274,22057
14283,32701
14285,22226
14286,22225
14288,22221
14289,22220
14301,22087
14303,50460
14307,22205
14308,22204
14309,26891
14311,22201
14314,26889
14317,22198
14321,22102
14323,32650
14325,22106
14331,65483
14342,61359
14347,22180
14360,32671
14362,44806
14364,22264
14365,22263
14366,22262
14369,22261
14382,22138
14386,67329
14389,47765
14398,22160
14401,32663
14403,22294
14414,22092
14417,26890
14418,22202
14436,26865
14444,22043
14446,22108
14447,22105
14448,22107
14449,22109
14454,57049
14458,21870
14462,22101
14466,22042
14469,21919
14473,54501
14477,26717
14490,50516
14491,2604
14522,49275
14530,51255
14534,50990
14535,50991
14536,48284
14540,46717
14549,43064
14550,43700
14554,51245
14556,50993
14572,37626
14573,44742
14574,37620
14576,45065
14586,44587
14587,51820
14596,33756
14597,2695
14599,45427
14603,32312
14608,38658
14609,8995
14622,112928
14623,52255
14627,755
14632,56908
14633,51059
14634,46715
14635,49860
14638,3107
14640,526
14643,51667
14644,8925
14659,32216
14665,52344
14666,23287
14669,43063
14685,51577
14686,45249
14695,32311
14698,43669
14702,54329
14704,52065
14710,9850
14714,49043
14715,51165
14716,11179
14783,2666
14785,2682
14787,49850
14792,2617
14794,51256
14799,5391
14801,55044
14805,1369
14809,47658
14810,9246
14811,53516
14815,42662
14819,1378
14820,1392
14827,50938
14828,55043
14833,7241
14841,53514
14845,1344
14856,32623
14859,22291
14861,49218
14866,56444
14871,53495
14878,43497
14879,7109
14892,23243
14893,55077
14898,20379
14910,8883
14916,44984
14920,9614
14925,3456
14926,54593
14929,49612
14933,54592
14936,31844
14937,15873
14939,9751
14941,9803
14942,10300
14948,45279
14954,17699
14965,51807
14973,29553
14985,27656
14987,1208
14992,55668
14993,9827
14996,56561
15006,28588
15008,17696
15009,55201
15013,1118
15016,55655
15017,1586
15019,1530
15020,1531
15021,5441
15024,55926
15025,8530
15027,1681
15028,3188
15030,3186
15031,3187
15036,6447
15037,5634
15043,49082
15044,30645
15063,25317
15065,10371
15074,7600
15084,10324
15085,58272
15088,55305
15093,11077
15094,11092
15096,11209
15099,28562
15100,11253
15101,11256
15109,1715
15112,55657
15129,15745
15133,20565
15136,1702
15138,37843
15142,56469
15157,37669
15162,1503
15167,55829
15168,3450
15172,9395
15180,52925
15186,56085
15194,1608
15195,48328
15196,15900
15198,31781
15202,1922
15207,9380
15208,55505
15209,8901
15211,1644
15216,27556
15225,55496
15230,22020
15236,2152
15241,47819
15246,21847
15250,30643
15251,28636
15253,1675
15254,16142
15256,34038
15257,1650
15258,54191
15260,67065
15263,53659
15267,48093
15270,5566
15274,55266
15280,28135
15286,51590
15291,40722
15295,40753
15296,46576
15304,40713
15308,23204
15358,37602
15360,48093
15361,40713
15369,50432
15371,37662
15388,37485
15396,44982
15398,2166
15400,57618
15401,43664
15402,21859
15414,56898
15418,15917
15424,38932
15428,37573
15438,2267
15460,54710
15462,1705
15463,1249
15495,37602
15501,53659
15503,51590
15504,4355
15505,48093
15506,40713
15513,50432
15515,37662
15516,44735
15518,37602
15521,53659
15523,51590
15524,48093
15525,40713
15534,44735
15536,50432
15538,37662
15539,37602
15541,53659
15543,51590
15544,48093
15545,40713
15554,44735
15556,50432
15558,37662
15559,37602
15561,53659
15563,51590
15564,40713
15573,44735
15575,50432
15577,37662
15578,37602
15580,53659
15582,51590
15583,48093
15584,40713
15593,44735
15595,50432
15597,37662
15598,9351
15599,46731
15613,56137
15628,41054
15638,49274
15649,3486
15651,24454
15658,51590
15659,48093
15666,51590
15667,48093
15719,37602
15722,51590
15724,40713
15731,50432
15733,37662
15734,45728
15735,57471
15738,1703
15743,49569
15744,8942
15745,1662
15748,28577
15753,43789
15757,61687
15758,55906
15764,55512
15771,24723
15796,5487
15800,5366
15801,20268
15805,27339
15871,28782
15909,57865
15910,57431
15915,10488
15921,37224
15926,11247
15932,16416
15952,11186
15953,11020
15954,8980
15955,1863
15963,46675
15981,8952
16002,40715
16003,48852
16005,8978
16008,30358
16013,52222
16028,31861
16031,55493
16034,50392
16037,40711
16040,44743
16042,37637
16044,40751
16045,42878
16052,461
16060,23276
16063,56256
16064,48357
16072,20251
16078,8049
16079,45243
16080,42514
16094,57160
16095,47817
16100,59355
16106,17629
16107,3467
16110,57156
16117,57664
16120,43741
16125,5404
16127,2130
16129,60378
16131,28528
16133,3680
16135,46769
16141,32141
16142,54385
16144,49510
16145,48300
16148,9323
16151,57477
16152,56094
16153,3980
16157,1401
16171,5368
16176,19590
16190,57066
16194,27575
16195,9349
16197,56213
16199,6416
16207,56073
16208,55381
16211,56567
16212,9434
16217,3488
16218,48212
16228,59563
16235,19987
16246,15755
16248,5595
16250,16232
16253,6685
16255,24468
16257,3498
16270,17646
16273,56253
16276,42995
16277,30354
16278,46579
16283,65944
16298,6664
16300,63198
16302,9158
16305,15953
16316,57658
16332,57697
16336,9248
16344,24089
16346,24087
16349,24088
16357,29173
16368,24008
16369,24180
16373,42841
16375,24023
16376,24175
16381,24170
16382,29172
16392,24158
16393,24156
16395,24155
16396,24154
16400,42845
16404,24148
16405,24147
16406,55709
16408,42849
16410,24142
16412,24140
16414,24138
16418,44622
16421,24133
16422,24132
16423,32203
16430,24120
16439,32201
16440,23981
16444,24108
16449,42848
16450,46022
16462,24092
16465,46486
16466,47763
16470,24080
16473,45509
16474,24077
16477,46024
16481,24074
16483,24072
16490,24068
16497,56304
16498,24061
16502,24059
16503,52561
16507,24053
16510,45073
16516,46026
16525,24045
16526,24044
16527,24049
16528,24043
16529,24034
16530,24042
16540,24029
16543,24026
16544,24024
16545,24022
16546,24021
16547,24020
16548,24019
16549,24018
16552,24017
16556,24014
16559,32195
16562,24010
16563,24009
16568,44613
16573,42851
16574,23994
16578,32193
16580,23990
16582,23988
16587,23986
16598,23978
16600,29165
16602,39124
16607,37602
16610,51590
16611,48093
16612,40713
16617,37640
16619,46239
16625,44735
16627,50432
16629,37662
16651,37602
16654,51590
16655,48093
16656,40713
16661,37640
16663,46239
16669,44735
16671,50432
16673,37662
16674,27537
16675,5360
16682,56259
16695,54601
16699,9587
16703,9640
16705,10797
16708,9955
16713,2652
16718,10650
16721,11080
16722,11144
16724,11218
16727,35784
16729,45894
16732,47015
16733,7498
16741,1899
16742,5255
16751,54286
16763,20716
16777,9296
16778,56052
16780,9617
16791,51001
16797,1860
16799,56980
16800,56333
16808,2554
16812,48309
16816,58379
16818,58377
16826,37675
16828,54769
16883,36986
16887,56715
16888,56716
16891,32478
16904,37027
16906,40777
16910,37005
16916,37020
16918,52239
16933,36984
16951,59453
16953,1907
16954,5603
16994,46043
17015,46043
17050,33515
17061,29324
17063,46043
17108,46043
17146,8929
17149,33654
17154,24941
17163,52309
17171,55654
17172,1170
17180,18272
17181,49877
17182,23706
17189,57954
17190,56849
17197,56867
17198,27684
17199,57474
17205,48795
17217,7865
17235,1616
17238,5635
17239,313
17240,36990
17242,65710
17244,28658
17258,57366
17259,46228
17273,57080
17292,24491
17294,16793
17295,3407
17297,47023
17299,1164
17303,1007
17304,52872
17306,59128
17309,2219
17310,3413
17312,1227
17313,53515
17314,9334
17315,55191
17317,1108
17319,52905
17320,21758
17325,50737
17328,57158
17329,57603
17332,57082
17333,56872
17353,33845
17354,20206
17355,11231
17357,29424
17363,59020
17366,9664
17367,57207
17370,33813
17372,19869
17373,10865
17380,51530
17381,27292
17383,57615
17384,58329
17387,9407
17397,57659
17398,57662
17399,19116
17429,59067
17439,57650
17445,1146
17450,56720
17451,37004
17452,57155
17453,57719
17454,37008
17457,44567
17466,57599
17467,57620
17468,37014
17471,24503
17472,57605
17474,59635
17480,214
17481,868
17482,26781
17488,44569
17493,24469
17498,7966
17507,56880
17508,56879
17510,52311
17519,563
17520,43477
17521,43476
17522,33736
17532,11722
17533,11731
17534,15827
17536,11729
17540,59336
17541,58391
17544,59528
17545,58390
17551,58034
17553,6518
17555,45122
17560,57660
17561,17614
17563,45855
17566,57627
17570,55205
17578,43641
17583,3871
17585,58363
17586,57597
17588,24456
17595,58163
17598,57609
17599,24493
17602,57611
17605,58678
17607,57157
17609,57159
17611,57655
17624,5690
17625,5329
17635,55041
17645,48302
17650,58518
17654,22860
17669,58680
17671,48296
17676,56093
17678,321
17682,57469
17683,15777
17684,58366
17685,59455
17688,57862
17694,23285
17695,57705
17696,51812
17698,48434
17699,44491
17701,493
17703,2507
17704,57680
17705,4638
17706,3085
17707,51406
17711,2294
17712,59454
17713,57404
17721,42141
17722,2329
17730,13880
17731,24773
17747,16352
17776,4577
17796,61055
17799,58597
17804,20375
17807,6667
17814,5333
17824,1592
17829,67727
17830,18583
17832,19247
17833,19250
17867,29603
17875,56955
17893,29599
17949,36363
17955,28400
17958,57657
17964,24449
17969,64087
17970,58364
17974,13890
17977,2693
17986,22932
18001,58677
18002,2842
18008,57600
18012,58675
18014,46727
18015,24742
18016,2286
18020,2309
18023,159993
18024,2405
18030,2398
18032,2399
18034,28416
18035,2402
18036,44487
18037,3159
18047,913
18049,8874
18052,57456
18056,5314
18057,32308
18061,56933
18068,59118
18075,6641
18080,48881
18088,58180
18096,22184
18098,36372
18100,62539
18105,37347
18107,2371
18110,10847
18114,16321
18115,2327
18116,2318
18128,9594
18130,78988
18132,45951
18133,35923
18135,10051
18137,160188
18139,34134
18140,10256
18145,4582
18156,10812
18157,12076
18159,19902
18160,10871
18161,10900
18162,9613
18163,20042
18166,34170
18168,11290
18181,64552
18183,8861
18185,28354
18189,44929
18190,58365
18192,48166
18193,44761
18203,56705
18205,3004
18214,19340
18218,6514
18220,5715
18223,46091
18225,53217
18228,63982
18229,23761
18231,37310
18256,1113
18270,49010
18272,12055
18277,2352
18283,4576
18284,24705
18292,58185
18294,61603
18297,28357
18299,2299
18306,2330
18307,12063
18308,2343
18309,2347
18310,2870
18312,2360
18313,44762
18325,28349
18326,24747
18327,24748
18330,42239
18334,24766
18337,58093
18339,1420
18343,37342
18345,12034
18346,2310
18349,2400
18351,24675
18353,44757
18354,12036
18361,39641
18368,12052
18369,24690
18372,16342
18373,4573
18374,42168
18378,63777
18379,58193
18389,58183
18402,2882
18404,12095
18407,49024
18410,52425
18418,44681
18420,12033
18422,2313
18424,57092
18426,2323
18435,13881
18447,13882
18452,55725
18453,24707
18454,16353
18456,24710
18457,24757
18464,42161
18466,56309
18470,2284
18472,57050
18474,1421
18475,37348
18479,12050
18482,42157
18483,24691
18486,1555
18487,46677
18488,16962
18490,55780
18491,6501
18493,1921
18494,1857
18495,6528
18499,6434
18501,6320
18502,6515
18508,58117
18509,58886
18516,1872
18522,33195
18527,29197
18528,3947
18531,60214
18532,60214
18538,5548
18539,5548
18542,61521
18547,62535
18554,57702
18555,59613
18566,24769
18567,28417
18576,58545
18577,23202
18589,1997
18601,10887
18602,9274
18611,57652
18631,43475
18634,16160
18637,7856
18638,61598
18641,5365
18642,53612
18646,975
18647,43454
18701,52047
18725,34265
18728,7044
18733,25207
18736,13161
18737,25353
18741,2996
18743,44728
18744,46093
18766,13519
18767,13537
18772,13801
18773,13641
18774,13644
18776,13672
18777,34695
18781,5115
18791,47786
18793,65355
18794,19104
18798,37878
18801,6517
18819,56551
18824,59604
18832,59117
18835,8846
18837,56005
18841,8977
18848,59607
18861,33156
18863,15892
18864,9278
18866,57440
18867,21808
18870,54814
18873,58635
18874,33222
18879,1615
18881,127921
18894,58657
18899,59458
18905,7878
18906,8206
18920,21783
18922,1279
18924,40170
18926,17417
18927,1304
18937,60468
18938,12158
18939,16937
18952,10404
18954,31660
18956,10584
18960,57688
18962,59605
19007,57924
19010,59606
19016,29496
19021,10962
19023,10992
19028,11027
19032,54291
19035,29547
19041,10636
19048,57164
19057,56063
19062,7994
19063,4260
19065,8073
19074,27864
19083,3854
19088,11083
19097,11114
19099,2279
19100,60798
19109,60523
19110,62495
19111,62744
19115,57846
19122,54709
19124,56217
19126,23252
19135,13656
19136,35042
19137,58814
19147,59452
19150,59301
19157,58813
19158,28482
19159,56421
19166,6500
19168,18466
19169,5380
19182,58661
19200,28641
19211,16027
19212,34013
19221,10320
19223,54380
19232,40750
19233,37664
19234,50394
19235,50398
19236,60544
19280,9419
19286,9326
19297,55873
19311,28726
19313,10620
19316,8919
19320,19980
19321,11250
19324,5747
19328,43010
19333,15742
19353,57332
19389,29416
19392,64364
19411,17607
19413,46850
19416,63902
19425,10737
19507,16498
19520,10411
19531,9673
19539,64187
19541,10332
19548,10565
19549,21650
19550,21651
19555,9558
19557,60497
19558,60520
19565,59696
19566,10004
19569,59691
19570,58655
19572,16230
19574,19684
19575,73191
19577,33655
19580,61600
19586,60175
19587,59609
19588,9245
19593,20174
19594,49205
19599,49457
19603,19586
19607,28517
19609,61162
19610,1280
19611,5443
19614,129972
19620,59504
19621,2163
19622,8109
19627,22526
19635,16025
19636,63851
19639,68210
19642,40903
19644,60186
19651,59120
19652,20422
19653,2984
19654,58649
19655,55919
19662,60174
19665,63698
19672,3021
19674,683
19682,59594
19691,41217
19694,64636
19704,9335
19708,59419
19714,61523
19715,15716
19716,10000
19721,64136
19722,60173
19725,8873
19739,48093
19740,62495
19741,40713
19742,62744
19747,50432
19750,37662
19759,62495
19760,62744
19769,9800
19770,9852
19782,29463
19784,10542
19786,843
19790,9643
19793,11221
19800,62495
19801,62744
19806,9422
19814,40890
19862,9813
19867,42910
19920,3507
19922,31546
19930,6344
19932,60575
19935,41672
19940,64669
19945,58639
19956,8052
19957,60467
19960,9435
19964,3471
19965,55863
19968,64085
19971,16448
19984,50432
19986,49204
19987,8126
19988,12038
19991,62537
20004,59940
20006,55381
20008,40727
20010,40744
20014,55381
20017,40727
20019,40744
20028,64222
20029,62531
20030,62533
20046,46197
20047,63282
20049,60532
20050,60073
20052,56591
20053,58427
20060,57684
20068,32217
20069,57687
20073,21268
20076,16432
20078,10518
20080,12064
20081,60813
20084,10487
20087,2382
20088,64227
20096,49984
20100,50713
20109,54582
20110,5237
20141,2388
20142,9848
20145,46745
20161,10770
20162,25734
20167,2320
20173,17570
20185,3318
20194,9421
20247,56425
20255,64137
20256,20071
20259,51550
20260,2218
20273,47823
20276,61577
20277,63888
20278,4400
20279,1476
20283,63131
20285,1696
20288,64064
20290,61604
20293,48322
20294,2520
20297,34036
20304,64016
20315,64078
20321,50398
20322,62743
20325,62442
20326,62441
20330,2623
20331,32210
20333,45613
20334,52342
20335,63195
20338,47342
20348,9450
20353,35456
20367,43312
20368,46541
20371,47725
20378,36090
20390,47724
20393,61593
20394,1690
20405,61525
20412,20633
20424,10255
20457,162730
20458,64080
20468,58670
20469,60385
20474,5504
20497,57880
20498,1519
20528,63158
20547,61599
20574,132653
20581,28542
20627,61697
20630,64082
20632,64794
20638,56139
20642,46110
20689,1612
20691,64099
20692,64081
20693,10459
20696,47703
20705,58637
20713,11232
20725,62495
20730,62495
20735,62495
20740,62495
20745,62495
20759,62475
20760,60546
20761,62478
20765,37543
20779,24126
20781,66952
20793,11080
20795,24177
20799,30726
20822,30725
20856,24090
20858,24091
20860,24149
20863,58066
20864,44621
20865,52652
20866,58861
20867,50678
20868,44610
20875,62417
20876,65956
20877,58109
20878,58108
20889,35313
20895,61145
20898,46764
20907,62532
20919,2643
20920,48435
20958,63984
20971,62495
20976,62495
20981,62495
20986,62495
21001,72404
21011,16942
21019,63753
21020,64175
21021,51141
21022,68952
21037,63166
21045,64091
21046,64090
21047,49532
21048,63773
21051,67445
21052,63933
21054,69039
21058,4142
21062,64086
21068,62764
21073,58067
21078,45784
21082,45871
21083,45778
21089,45871
21101,45778
21109,45784
21113,45871
21192,15744
21195,62475
21196,861
21198,63717
21206,3233
21209,24867
21225,39086
21229,37597
21233,37597
21238,40865
21243,43312
21246,51137
21255,37590
21258,37597
21259,37845
21260,58768
21263,37584
21265,43874
21270,56219
21289,2374
21290,63780
21291,37365
21297,37021
21298,63754
21303,17257
21304,63687
21312,45140
21313,52302
21321,5412
21326,15731
21330,56878
21335,16132
21337,11715
21370,68667
21393,14217
21403,64232
21404,64106
21407,15181
21408,14143
21409,14170
21411,14667
21412,15527
21413,14270
21415,14442
21418,14726
21424,15167
21453,13315
21454,13282
21455,14195
21456,64338
21460,13313
21466,13612
21474,14435
21475,31656
21478,15164
21485,13801
21498,64077
21501,65275
21502,65276
21504,58672
21511,13719
21514,13495
21528,13731
21529,13772
21532,13794
21534,43479
21537,42029
21539,56560
21540,19625
21542,50419
21547,13146
21553,13192
21565,13150
21572,44341
21577,64400
21584,25325
21585,13410
21586,13704
21599,45968
21601,64205
21602,23901
21605,49826
21610,23921
21612,23947
21628,13802
21652,23964
21660,23894
21668,57374
21676,45050
21683,57740
21685,15659
21700,15091
21714,60206
21715,51138
21719,15642
21720,15657
21722,15655
21723,15134
21724,15654
21726,15641
21727,15650
21728,15645
21732,14236
21733,14791
21745,14248
21749,15527
21750,14818
21751,14645
21767,14616
21768,14617
21770,14726
21783,696
21785,15216
21786,15219
21789,64566
21792,63889
21813,44733
21822,44551
21837,30753
21856,64138
21864,60074
21869,56479
21870,62743
21891,44432
21892,62818
21926,9665
21927,14798
21935,44734
21936,62745
21937,45070
21940,46545
21943,14274
21945,53818
21953,64914
21969,64156
21973,23963
21977,14875
21981,64783
21990,59525
21997,49825
22013,47091
22014,23961
22023,12634
22025,12753
22026,12298
22027,12337
22031,58031
22032,69912
22034,23928
22036,23941
22051,23975
22066,23970
22067,50518
22076,64083
22078,117733
22082,15120
22094,64928
22103,863
22105,50594
22106,15842
22109,63705
22111,2086
22113,4097
22114,59471
22118,913
22121,21748
22124,2087
22129,4117
22131,2905
22158,54319
22174,899
22175,63706
22176,890
22178,214
22179,23337
22185,63849
22187,63718
22189,63703
22190,59458
22195,884
22200,879
22202,335
22203,68705
22208,872
22209,26699
22210,15813
22226,4151
22227,63711
22229,11710
22230,916
22231,122
22234,44455
22240,15819
22242,58363
22243,58034
22249,51807
22250,68707
22252,15805
22254,69039
22262,4132
22264,58396
22266,51153
22270,32417
22274,865
22278,911
22283,38607
22291,36343
22293,859
22294,44438
22303,63846
22304,883
22307,68725
22308,21726
22309,296
22310,864
22317,51820
22321,23339
22325,21744
22326,58413
22328,878
22330,925
22335,320
22337,4121
22341,15835
22345,51062
22346,72678
22349,54329
22350,71620
22354,26700
22363,4111
22366,47492
22367,51158
22368,2088
22369,242
22370,68701
22372,4131
22374,63724
22375,63722
22377,871
22384,69156
22389,64913
22393,64596
22394,54280
22396,54291
22417,11341
22419,58561
22423,11344
22424,24514
22429,58559
22433,24485
22434,24478
22435,24479
22436,24484
22437,24481
22439,44911
22440,24482
22441,51051
22442,24480
22443,24487
22444,24488
22445,14114
22449,11393
22451,24518
22452,11354
22454,11358
22455,14111
22457,34724
22458,24523
22459,61326
22460,43597
22461,61340
22462,43599
22463,64663
22464,61336
22465,24521
22466,61337
22467,61338
22468,61339
22469,61341
22470,63235
22471,63234
22472,43598
22473,24520
22474,43587
22477,38671
22480,43596
22481,57689
22482,11366
22484,11365
22487,66502
22488,11370
22489,64798
22493,11375
22496,47116
22499,11378
22508,28125
22509,43594
22510,28126
22511,43593
22515,63237
22516,34726
22517,43592
22518,11397
22519,11389
22522,11391
22526,61331
22528,20207
22529,14121
22530,34728
22552,79733
22554,64923
22556,20210
22561,11309
22564,13019
22565,38639
22584,65634
22620,68953
22622,64949
22627,32496
22636,14505
22660,65122
22663,42314
22664,63946
22665,64961
22666,24809
22678,68667
22687,65121
22692,37845
22704,51166
22709,65582
22714,29280
22716,9856
22717,10272
22718,12297
22719,12298
22722,12337
22724,11012
22727,64769
22731,12634
22733,12753
22734,12298
22737,12337
22744,12370
22746,11331
22747,12634
22749,12753
22750,12298
22753,12337
22757,12634
22759,12753
22760,12298
22763,12337
22772,6622
22781,12407
22783,12421
22789,65572
22793,65567
22794,65574
22797,3805
22801,46434
22824,12472
22825,44715
22826,12551
22827,36915
22828,62248
22831,12620
22832,37632
22836,65042
22839,37011
22846,63625
22847,12706
22848,12720
22851,14207
22854,12746
22855,12753
22857,31694
22858,2948
22859,12759
22861,55860
22868,12870
22870,63354
22871,12905
22872,64103
22873,3464
22883,65151
22895,12991
22896,40225
22900,12990
22901,12993
22902,12996
22907,779
22911,65626
22913,68025
22919,5373
22924,9562
22929,52343
22972,58096
22973,65156
22974,10165
22977,16490
22978,40229
22980,10484
22986,5463
22988,5466
22993,14196
22996,65146
22997,16592
23025,65970
23028,66684
23029,15521
23030,64836
23031,63214
23034,15569
23036,67099
23037,20116
23044,15673
23047,9607
23051,16596
23053,9563
23056,11140
23065,45871
23088,2211
23095,65308
23096,10875
23098,1673
23106,57991
23115,65229
23119,28468
23140,43814
23246,77902
23249,65776
23250,65621
23252,65306
23255,65366
23271,58518
23276,63068
23277,60485
23282,67243
23297,35018
23302,68709
23304,65659
23306,3436
23359,66726
23365,65711
23369,38992
23390,9805
23395,9802
23400,56569
23401,55882
23403,62995
23406,7533
23415,56488
23416,10845
23417,10428
23427,27824
23428,56324
23436,11247
23437,111079
23438,60178
23441,65620
23443,68958
23453,9939
23457,3526
23460,71158
23466,53583
23493,58729
23506,69166
23510,65577
23513,53667
23516,65573
23520,68925
23522,65722
23524,49531
23537,11111
23543,2852
23545,16509
23563,10065
23582,59713
23589,65360
23590,16537
23592,4750
23593,65563
23604,49007
23605,9124
23614,33714
23628,68703
23632,66151
23639,42175
23652,10371
23663,81325
23664,57990
23665,67108
23669,65578
23670,65565
23671,65569
23672,65571
23673,65570
23674,65564
23676,65579
23677,65575
23686,11234
23688,54757
23697,43878
23706,41540
23710,39083
23711,65652
23714,25372
23715,37597
23721,37597
23729,16399
23730,37597
23738,37597
23747,10505
23748,10505
23750,9982
23760,46671
23763,25885
23764,25350
23772,67316
23774,28184
23780,66866
23781,33400
23782,71188
23790,43587
23800,15167
23809,9943
23810,12197
23811,109442
23816,72215
23817,14984
23822,68214
23826,10344
23827,65712
23832,65725
23839,58931
23840,58930
23848,10682
23849,10897
23851,20085
23854,66999
23856,20141
23862,59667
23864,68713
23867,66861
23873,9855
23877,16389
23887,16474
23888,25409
23889,16552
23891,10811
23897,40365
23898,10782
23899,10477
23901,10788
23906,59390
23908,61292
23910,9609
23912,31609
23915,31617
23916,10784
23918,11141
23920,29494
23922,10380
23925,10984
23927,68686
23932,11235
23940,20072
23941,16590
23945,17253
23952,11268
23953,68957
23954,74004
23960,9969
23961,12427
23967,33960
23970,52309
23973,10105
23974,10493
23975,9972
23991,19600
23993,112934
23995,66830
24003,10404
24005,11083
24007,19340
24011,10812
24012,10065
24013,29496
24015,31660
24017,16500
24018,10521
24019,10857
24020,16522
24021,31610
24023,2154
24034,36422
24035,69182
24036,14664
24039,43232
24044,16524
24047,36489
24058,12325
24069,64063
24073,11090
24075,11223
24084,147788
24090,65864
24091,47315
24098,53587
24099,10235
24106,116288
24108,68703
24116,65658
24126,26210
24130,53652
24131,65654
24135,52773
24136,49687
24137,64868
24138,26402
24139,26329
24140,65655
24141,57318
24142,26500
24143,26503
24147,3651
24189,43883
24195,56223
24196,56225
24197,57078
24220,37597
24227,51056
24237,10430
24239,20087
24245,58013
24250,69199
24258,9841
24259,10772
24261,12634
24264,12753
24265,12298
24266,23646
24273,12638
24279,67115
24280,23646
24282,26254
24284,27401
24289,66366
24292,5042
24294,2549
24297,4806
24304,46192
24322,66374
24326,45789
24328,68244
24329,65713
24334,9682
24335,9705
24336,9620
24340,11306
24341,16501
24347,10589
24351,10964
24353,42006
24354,60308
24358,64792
24359,67577
24365,28580
24370,56463
24374,66399
24375,67125
24379,57701
24385,64216
24398,75715
24399,66518
24400,64223
24408,49573
24410,69022
24413,62495
24418,62495
24422,62495
24424,11076
24428,68802
24434,37123
24445,66897
24452,60551
24457,9586
24464,65900
24470,46127
24474,32446
24477,38331
24478,62838
24479,66534
24481,66903
24483,66904
24487,51290
24524,66379
24538,66640
24557,2628
24558,46724
24564,47346
24566,10296
24570,56295
24572,65772
24577,65774
24578,19350
24582,16521
24583,10870
24585,43309
24591,48325
24594,67901
24604,66797
24606,36468
24618,14531
24629,67900
24635,38188
24637,30723
24642,57908
24650,38191
24689,8917
24690,65954
24699,14435
24709,67117
24731,66161
24821,9863
24822,66967
24823,31446
24824,9581
24829,68949
24866,38158
24876,39080
24878,9436
24882,69178
24887,45985
24896,66981
24919,45792
24920,45871
24921,45778
24925,42008
24935,56699
24949,61658
24955,55198
24964,64351
24967,65994
24970,19055
24976,75048
24982,68164
24983,13165
24992,13141
25000,69236
25001,29456
25021,56221
25033,66496
25038,69886
25039,68587
25043,66894
25055,65966
25056,65968
25057,39091
25063,60614
25071,67903
25081,17590
25084,21753
25098,2827
25101,28064
25104,57157
25105,64083
25108,56139
25110,2861
25112,12150
25117,36398
25119,43676
25123,2833
25126,2818
25128,43652
25129,2849
25131,5389
25133,24466
25135,2807
25136,58680
25137,5410
25139,43741
25140,56085
25143,43669
25144,24458
25145,5399
25146,12140
25153,49519
25155,2810
25158,2834
25160,33659
25161,57618
25163,36392
25164,2847
25167,12138
25169,65713
25173,24505
25176,9831
25178,14217
25180,14726
25181,14248
25184,9874
25188,14603
25190,63836
25192,15181
25193,15527
25194,15534
25196,4288
25197,65933
25198,65934
25201,14551
25212,26489
25213,26300
25223,68427
25224,16600
25225,26171
25226,11184
25230,10913
25242,26441
25256,65660
25257,26347
25261,66396
25262,27425
25266,26123
25267,26446
25268,26404
25270,16399
25274,26390
25275,47808
25276,26314
25278,26128
25280,64867
25282,855
25285,895
25286,861
25287,26291
25289,44462
25295,68712
25299,58414
25301,23317
25302,49875
25304,4156
25312,51818
25313,59455
25316,23313
25317,23652
25320,26766
25323,68711
25329,68681
25330,44441
25333,15777
25336,26109
25341,68020
25350,167
25351,63851
25377,71740
25382,63180
25384,26326
25385,4100
25386,23335
25387,26115
25389,26237
25395,68803
25399,45561
25403,66896
25417,66307
25419,37597
25421,43878
25424,64722
25430,59995
25450,60013
25451,60014
25460,43079
25463,44671
25464,4104
25468,68748
25473,66401
25480,68711
25481,68735
25483,68728
25484,53565
25496,66860
25528,17516
25564,38604
25568,898
25582,44685
25584,67471
25588,23660
25590,68717
25592,2726
25593,67519
25596,30736
25601,5194
25605,59596
25606,58638
25614,67250
25620,320
25625,69043
25632,59673
25633,26438
25636,19688
25672,13313
25674,13348
25681,13628
25685,13761
25698,13386
25700,4164
25705,75958
25714,13626
25720,33837
25727,13713
25730,67910
25731,75593
25733,69192
25734,13320
25735,67497
25739,13336
25744,13754
25755,8129
25756,67245
25757,65554
25767,66191
25777,68706
25782,68718
25789,9329
25805,10600
25809,13542
25810,58957
25823,13607
25828,68717
25832,64753
25833,64099
25835,67691
25847,69195
25849,46889
25853,63697
25855,63717
25860,13668
25863,13647
25864,13429
25871,11452
25876,33807
25877,28346
25878,64221
25879,28384
25880,67130
25885,13501
25886,66521
25888,48167
25889,28389
25890,28392
25891,69513
25894,10134
25896,64420
25897,20217
25898,8836
25907,13670
25909,8008
25917,64069
25924,9780
25926,9781
25928,69008
25929,10138
25930,15688
25939,10975
25941,11131
25956,13441
25961,66538
25970,4515
25974,68832
25975,14159
25977,14157
25978,14156
25983,15569
25984,20050
25988,63625
26003,14613
26004,14614
26006,14274
26007,10518
26012,10306
26018,68689
26023,4140
26030,11137
26032,65955
26034,48134
26035,26486
26039,9780
26040,9781
26042,9848
26043,35622
26046,69008
26047,68689
26049,77837
26050,9250
26052,10138
26058,10770
26061,25734
26064,53652
26066,26210
26067,65548
26068,26329
26071,65654
26075,26503
26076,27425
26078,47914
26079,26500
26082,57319
26086,49687
26087,64396
26099,54189
26105,37263
26107,33653
26109,10976
26110,10975
26113,10547
26115,152359
26117,11131
26119,11179
26120,34380
26121,2826
26124,2294
26126,64064
26138,45721
26147,57370
26148,12064
26149,2352
26157,28366
26158,47658
26163,4136
26164,67582
26166,63722
26169,2395
26180,64820
26181,50727
26183,4588
26184,4156
26188,8996
26189,63884
26193,67925
26198,59673
26200,24695
26208,4123
26215,19688
26217,69201
26220,63981
26222,67127
26225,67923
26227,67129
26230,80793
26231,67927
26241,24790
26246,66835
26247,68568
26252,15823
26262,69311
26265,31609
26276,68801
26281,32424
26287,1032
26288,1031
26289,1035
26337,21673
26354,40951
26355,39174
26356,70289
26359,65341
26360,15869
26361,15823
26364,21833
26365,69308
26368,23674
26370,33666
26382,68955
26388,59546
26389,69179
26395,45675
26401,13313
26402,13348
26406,53510
26407,1303
26411,13628
26412,13713
26423,70941
26424,9783
26427,10618
26434,37396
26440,69160
26455,35748
26458,47126
26468,13320
26480,10727
26495,70101
26498,9134
26500,69250
26503,158200
26504,26136
26506,26386
26510,69250
26521,69432
26522,66668
26529,61625
26538,13386
26549,61632
26550,69431
26551,69116
26572,27351
26579,69145
26580,69427
26582,66525
26584,27388
26585,69255
26587,69253
26594,71237
26602,69428
26603,69943
26605,57156
26610,69409
26613,46747
26616,13336
26620,37526
26621,70465
26623,10463
26624,69307
26625,1044
26626,1308
26628,69419
26632,48435
26633,28595
26634,68985
26635,31848
26644,11470
26650,13607
26668,69969
26672,12112
26676,66527
26677,69348
26682,16550
26684,81477
26687,65830
26697,13626
26698,15906
26701,69077
26705,58050
26708,67379
26722,21708
26723,68661
26724,66560
26725,69305
26728,24465
26731,67754
26735,44529
26740,69421
26751,57888
26752,69263
26763,69426
26764,69429
26766,12183
26768,67302
26774,13429
26777,13668
26778,13647
26790,70562
26795,69852
26796,37227
26797,69462
26798,48133
26799,46669
26809,70572
26813,64240
26817,67186
26820,66520
26826,47901
26836,25389
26837,69923
26839,25381
26847,61617
26857,70325
26860,70369
26861,70565
26864,50657
26873,77770
26880,66548
26887,42493
26888,66375
26892,69487
26895,20960
26899,70575
26912,67241
26925,70820
26930,1294
26931,1293
26934,10920
26936,43408
26937,61620
26938,5719
26939,74207
26941,19528
26944,116393
26949,32461
26950,17025
26951,39031
26955,70779
26957,68600
26958,47650
26959,129274
26961,62812
26992,9914
26997,10525
27006,70031
27009,69813
27010,74104
27024,69851
27025,46792
27027,71562
27028,22310
27031,82093
27040,70143
27043,78877
27051,9581
27052,69149
27058,73617
27067,44345
27082,19449
27085,12897
27088,24731
27092,42843
27093,58095
27095,45028
27098,9631
27100,69441
27102,69789
27103,153854
27104,71150
27123,19429
27124,20223
27125,47468
27147,19780
27150,71497
27152,16550
27156,56485
27157,19927
27160,46192
27163,70090
27176,60179
27177,70353
27181,66681
27182,10544
27187,45026
27198,53281
27199,107949
27203,9019
27204,70270
27209,29394
27213,31646
27215,20141
27216,9831
27223,70569
27225,10450
27227,66910
27235,65228
27244,10984
27245,71553
27246,8971
27256,19805
27257,74682
27258,69236
27262,69781
27264,70706
27276,31442
27278,11275
27279,31755
27281,59670
27283,20177
27286,51092
27293,60470
27295,56428
27297,66533
27301,9887
27304,46205
27306,63332
27307,11078
27308,14364
27310,47351
27311,31595
27317,71506
27318,72994
27319,70230
27327,31617
27328,15216
27332,15219
27333,37081
27335,69655
27343,19600
27346,16500
27347,10444
27351,10772
27352,10981
27353,31763
27354,11076
27355,20072
27356,9669
27357,16522
27360,7997
27361,624
27362,34383
27363,16524
27365,47346
27366,20087
27368,11223
27369,31600
27370,11242
27371,55305
27372,11268
27373,29549
27378,14435
27381,69260
27386,71091
27388,11232
27390,59602
27391,12189
27392,74100
27395,3541
27402,70730
27403,19350
27405,19524
27415,70455
27417,40286
27420,29445
27424,19832
27426,20045
27428,9745
27429,70048
27437,71129
27440,69557
27441,52046
27446,75041
27447,50004
27451,11283
27454,8021
27455,70047
27456,22708
27457,12408
27462,9805
27465,74134
27469,70280
27472,17644
27477,61022
27480,30049
27482,17643
27483,27576
27486,48491
27487,30071
27500,60322
27512,115352
27528,38333
27529,65652
27570,10051
27576,7226
27581,10783
27584,10992
27589,16322
27590,11305
27591,51003
27593,14505
27603,127218
27609,1086
27612,71251
27614,21649
27628,48905
27656,65547
27659,48896
27660,9640
27668,7578
27672,7568
27678,66171
27691,59704
27692,10589
27699,10650
27710,25038
27711,11218
27717,19750
27721,11048
27736,34649
27744,10799
27747,53715
27762,10875
27766,71687
27768,15673
27769,72652
27771,71880
27779,17436
27784,71103
27787,66518
27795,62303
27800,62263
27801,74098
27811,53728
27821,71176
27826,70825
27829,75399
27832,70977
27835,10216
27841,29494
27863,14567
27864,34703
27876,74669
27882,68412
27899,31561
27902,10074
27908,9841
27915,46458
27916,46590
27920,10100
27922,10857
27925,34345
27927,30069
27932,56072
27935,40505
27936,59260
27937,50509
27945,9810
27962,31646
27969,11225
27971,11242
27974,10430
27980,58781
27983,30425
27984,19675
27989,57311
27990,30033
27992,40263
27999,30503
28001,37423
28010,32050
28017,38407
28022,38009
28027,46441
28035,73908
28038,30452
28041,30761
28042,68628
28044,570
28045,71297
28093,38430
28136,58891
28138,39112
28139,30516
28144,16657
28163,39131
28165,73591
28166,73584
28173,72490
28178,30279
28210,159677
28213,69307
28215,65488
28218,13209
28220,68731
28222,13728
28226,13339
28227,19721
28228,13364
28230,82377
28234,13216
28235,58514
28237,74965
28243,30084
28246,46801
28255,73984
28260,38190
28265,38004
28266,30185
28269,30058
28270,14616
28271,14617
28272,71068
28273,15210
28275,13427
28278,30460
28283,42501
28287,36501
28290,47225
28291,13572
28300,12141
28303,71808
28308,73589
28312,72245
28324,66955
28325,53662
28328,30042
28329,55643
28335,71540
28352,72765
28361,62675
28371,30155
28383,70651
28386,13384
28399,70051
28409,30036
28414,30077
28415,70939
28421,71413
28424,36989
28431,45406
28445,52317
28447,52307
28456,72832
28458,72833
28464,62839
28471,78385
28485,72987
28490,47655
28491,64103
28499,72931
28504,35296
28514,72623
28535,73271
28538,56478
28545,74300
28581,63894
28583,52422
28585,12145
28587,51238
28589,75312
28590,43227
28593,59109
28594,2841
28595,74434
28596,50983
28598,57615
28603,38128
28614,59660
28616,42997
28618,73924
28620,68955
28625,32478
28627,64175
28630,65710
28632,37009
28634,68951
28635,52295
28637,52302
28638,37021
28640,51140
28641,45122
28644,44569
28645,37027
28652,51141
28654,51137
28659,64751
28661,60613
28662,52311
28664,72822
28666,44568
28668,56886
28669,37020
28675,69869
28676,57343
28677,71394
28678,128361
28679,66797
28681,37029
28682,68953
28683,60614
28687,37014
28688,51138
28690,52309
28692,45121
28697,69817
28700,37005
28708,39215
28709,59129
28714,804
28715,73925
28726,71519
28729,30155
28732,30258
28754,45320
28755,38104
28760,71110
28763,17278
28764,44701
28769,44515
28770,38064
28772,72859
28773,38073
28775,73439
28776,38086
28777,38095
28778,38121
28779,65546
28780,38040
28781,38057
28782,70215
28785,17335
28786,17369
28787,77557
28788,17362
28789,70107
28790,68176
28793,28665
28795,17641
28800,73676
28801,68950
28802,37008
28803,73811
28805,38068
28811,45121
28813,43719
28819,38094
28823,81031
28829,17409
28830,17436
28831,73480
28834,82368
28841,73677
28843,37202
28846,17507
28847,31843
28848,54806
28849,17646
28853,30601
28857,17655
28858,45278
28859,76298
28872,76629
28876,77595
28877,32333
28879,60389
28893,29351
28904,38048
28906,43917
28910,38135
28915,74540
28922,17368
28929,17328
28934,63136
28935,43462
28936,44427
28937,52307
28940,59133
28943,17447
28953,62864
28976,28497
28977,62858
28983,68079
28987,70480
28989,70482
29003,74749
29010,38231
29012,31832
29014,71261
29016,30762
29019,74150
29022,74330
29023,56597
29025,73873
29026,73961
29028,59137
29029,56881
29032,45569
29055,359
29057,1856
29063,70107
29069,74163
29075,47729
29081,59341
29082,74146
29085,28596
29086,71549
29088,17454
29091,74315
29093,57198
29094,42929
29095,70706
29100,1433
29102,38333
29105,9194
29106,58654
29122,45315
29124,17392
29127,74173
29136,74355
29139,9206
29142,74359
29143,70359
29145,74269
29146,21816
29147,27304
29151,5647
29153,74283
29155,74339
29157,58994
29160,6586
29161,6446
29168,74341
29170,73812
29171,74340
29176,66897
29178,66904
29180,65900
29181,37023
29185,58994
29188,6465
29191,21595
29193,74363
29194,64439
29195,74368
29196,74369
29198,74395
29204,60613
29208,6751
29209,74209
29211,9224
29213,6661
29214,6372
29217,6553
29222,65724
29224,74468
29231,29149
29232,6374
29233,6373
29234,5708
29235,47795
29236,74368
29238,30069
29239,70187
29240,30080
29241,71351
29243,55643
29244,58781
29245,54630
29246,42857
29248,30084
29249,74521
29254,17634
29259,38088
29263,75152
29265,75708
29266,75042
29278,75393
29282,37003
29283,2828
29300,74729
29307,74750
29310,71594
29312,65685
29319,16022
29326,1083
29331,39180
29334,72870
29339,75311
29340,9638
29347,16403
29356,80478
29357,19675
29361,10100
29364,445
29367,65940
29376,30331
29378,74276
29383,49883
29385,29438
29390,9906
29391,75377
29394,68913
29406,29456
29412,30149
29413,10600
29414,10668
29416,65583
29423,46640
29425,72478
29429,75817
29434,68239
29435,48384
29436,31985
29443,65556
29447,10907
29451,72466
29455,75550
29462,75344
29463,5524
29465,27628
29472,20160
29473,45406
29475,2821
29476,17625
29477,29368
29478,157666
29479,20172
29495,9678
29501,63495
29511,75505
29528,51292
29534,75530
29537,10788
29546,35857
29547,37597
29548,17581
29550,30354
29551,36519
29552,45870
29553,53224
29554,45872
29558,441
29564,24726
29566,74643
29576,94979
29582,30386
29585,38167
29587,30442
29596,50367
29602,65749
29605,38197
29612,41098
29613,40613
29620,37539
29629,17300
29632,28710
29636,59127
29638,75602
29639,75694
29647,70727
29649,45886
29656,71473
29660,32022
29661,75557
29673,75674
29674,57030
29677,72855
29678,56348
29681,75709
29692,71540
29694,74453
29698,68171
29700,75425
29709,58514
29720,27588
29722,75867
29731,9440
29736,62839
29753,3667
29754,3666
29759,10418
29760,19772
29770,71295
29771,38463
29774,34636
29775,47933
29777,47351
29782,66896
29790,71071
29804,10721
29806,10709
29808,75855
29814,30333
29817,10107
29822,9899
29826,10956
29827,19856
29842,30747
29845,75828
29846,58993
29847,11006
29848,49948
29850,11088
29866,19843
29870,75810
29871,35275
29874,77548
29875,66029
29880,75869
29887,42021
29888,76366
29889,74283
29897,56717
29899,17363
29901,25443
29904,10664
29905,30049
29906,68469
29907,10764
29908,44404
29909,53525
29911,28721
29913,65889
29915,72978
29916,72473
29917,65754
29922,33654
29923,68658
29925,24462
29928,75920
29929,58891
29931,17674
29932,69036
29939,56798
29943,9835
29944,9874
29946,9907
29948,77952
29949,25176
29950,9962
29955,10760
29964,11046
29969,30069
29973,25229
29976,27559
29980,25796
29981,66545
29982,19875
29983,10767
29985,74315
29986,75393
29989,71519
29991,39215
29992,75312
29993,43227
30001,28781
30003,17590
30017,30077
30018,138140
30028,40498
30032,75360
30035,3605
30036,3581
30044,48491
30046,4007
30048,45086
30050,37581
30053,72243
30087,30435
30155,48284
30161,31932
30166,47148
30167,73254
30171,3724
30182,69522
30183,76219
30186,75635
30192,75782
30195,74881
30199,76124
30202,71584
30205,71291
30211,32077
30212,38636
30215,75022
30223,71551
30226,40557
30228,6485
30229,3797
30241,30288
30258,94979
30262,30193
30273,30286
30280,38263
30281,65393
30283,30234
30289,30080
30291,62563
30296,59117
30297,71590
30299,66894
30300,38689
30302,45985
30306,73979
30307,17644
30308,75716
30311,4470
30320,74433
30322,64438
30323,42807
30324,75576
30325,75575
30329,3658
30330,3937
30331,21006
30332,66023
30333,6531
30334,28183
30336,16198
30398,5332
30404,40498
30416,51290
30417,56428
30421,17699
30423,58629
30431,69951
30433,69886
30434,39080
30435,54383
30436,64067
30439,64866
30440,58818
30443,43870
30448,37581
30450,58768
30453,39083
30454,39084
30455,37590
30461,43874
30462,41540
30463,39091
30465,62263
30468,74475
30473,71161
30476,3903
30480,63935
30483,3613
30484,6414
30495,16292
30496,5569
30508,75995
30511,3827
30514,3828
30515,3971
30518,56072
30523,1560
30525,75957
30526,41070
30533,28612
30534,76449
30536,17469
30539,17445
30543,16285
30544,153159
30546,75854
30547,56071
30553,71312
30556,76427
30565,54376
30582,70756
30585,5495
30592,20277
30594,30365
30595,40569
30602,3730
30607,3781
30614,71474
30626,3959
30627,3939
30630,77232
30636,76515
30659,5523
30663,75577
30668,46030
30669,65623
30670,54557
30671,3611
30673,21499
30677,16172
30678,3728
30681,76185
30686,51292
30696,75957
30701,5437
30703,3612
30708,76727
30711,75142
30712,28736
30721,76936
30725,60441
30728,51651
30729,3818
30735,3726
30736,2719
30745,76745
30746,76745
30755,3583
30776,7019
30782,71878
30783,36513
30785,40155
30786,31934
30794,27284
30795,3773
30796,5236
30807,3952
30808,16224
30810,5233
30811,2671
30813,76213
30816,65654
30826,76624
30895,43657
30902,77359
30905,77299
30914,24117
30916,24499
30917,13255
30922,78178
30923,51263
30928,13186
30935,13704
30945,38118
30947,36999
30957,29845
30963,29846
30966,29799
30968,3772
30973,29950
30974,55608
30982,29909
30986,29895
30987,29951
30993,29872
31004,29820
31013,51366
31014,77421
31015,68413
31016,76602
31048,45778
31102,46257
31110,45792
31115,45870
31117,63246
31122,45784
31128,47914
31131,49289
31132,45876
31133,49290
31135,59565
31136,47911
31137,45779
31138,45872
31159,17333
31160,5353
31187,64439
31195,48838
31226,77962
31228,79590
31252,77749
31257,77750
31262,77688
31264,77615
31265,77708
31276,48462
31352,168
31353,59278
31356,30601
31357,77859
31365,70458
31366,29831
31367,81335
31368,38416
31379,29849
31384,74325
31395,76543
31397,17418
31398,60401
31403,78809
31404,2808
31418,77625
31422,74338
31424,77417
31429,81795
31431,81681
31434,81771
31447,77613
31454,77625
31455,56422
31460,59124
31464,24457
31474,39146
31485,68270
31497,17446
31499,65818
31502,77608
31504,63103
31507,21760
31509,17305
31523,5444
31525,16021
31529,1842
31531,77639
31535,3639
31538,21041
31541,6627
31543,3864
31544,6361
31555,38151
31557,38071
31562,78209
31563,26102
31565,52769
31575,78205
31576,73896
31583,158201
31585,78140
31587,38425
31594,3934
31595,72791
31607,77585
31615,65722
31626,77872
31630,70360
31639,2789
31647,2790
31648,68209
31656,3918
31657,69365
31668,28786
31671,63201
31673,60184
31675,2244
31677,36982
31679,29906
31708,59445
31720,72306
31728,9387
31750,6552
31762,68176
31776,10665
31782,10949
31789,2858
31793,10234
31802,78951
31809,75831
31821,9613
31825,10337
31830,10659
31834,10402
31844,40920
31849,10992
31857,19329
31860,17636
31868,43529
31874,49567
31911,25612
31915,2192
31919,17647
31920,129630
31922,10069
31925,12116
31926,37531
31930,48128
31931,25701
31932,25684
31933,25611
31934,129647
31935,25690
31939,11005
31965,83247
31969,7552
31981,7503
31988,76504
31993,7555
32006,7492
32010,66334
32012,27840
32021,68060
32022,72716
32029,66171
32031,75937
32035,7543
32047,32177
32048,7575
32053,7579
32057,17020
32089,10874
32094,56569
32100,77638
32102,66081
32116,11108
32129,40225
32133,9612
32134,10933
32135,10557
32139,61174
32141,66250
32149,78905
32153,70727
32157,46850
32158,10565
32160,66160
32162,6339
32163,10737
32164,16498
32165,10411
32169,78638
32174,10305
32176,46188
32181,27838
32184,2794
32199,1485
32203,15692
32223,5424
32225,10352
32226,10682
32234,28800
32241,7622
32244,5140
32246,78836
32250,73214
32251,10785
32259,76353
32267,77927
32270,78983
32274,64081
32276,64879
32278,76597
32287,45938
32288,71412
32301,50312
32303,30116
32313,17583
32316,50982
32317,76624
32319,45865
32324,30767
32325,64682
32326,79042
32327,21789
32328,76704
32331,79059
32335,59645
32336,9913
32338,76406
32342,29815
32347,78987
32358,59579
32359,129826
32363,47819
32364,43886
32367,43883
32381,70073
32382,27606
32384,27563
32387,11135
32389,40230
32390,147656
32406,54623
32407,79267
32408,29870
32412,52880
32413,77804
32470,43550
32474,60181
32477,21811
32481,28527
32482,63137
32483,46127
32504,75621
32507,78888
32510,40383
32532,79695
32533,74802
32538,72920
32543,28497
32546,62870
32548,79618
32549,70458
32550,17333
32552,70643
32556,21811
32557,17362
32560,71549
32568,70280
32569,59129
32571,39215
32578,70359
32581,59149
32582,28665
32583,17335
32584,77859
32586,42857
32587,28610
32590,78293
32591,63103
32596,29357
32602,75312
32604,28530
32606,57713
32608,70360
32615,68175
32617,28800
32620,70480
32630,30601
32631,68171
32632,71161
32634,74453
32636,77408
32642,17507
32643,63137
32644,77615
32645,53521
32646,76597
32649,17409
32658,79376
32659,74325
32664,27596
32666,70107
32667,73988
32671,60181
32673,65940
32674,44427
32676,77548
32681,44692
32682,17606
32685,77585
32690,28612
32693,31843
32696,17369
32697,21760
32699,28513
32701,70073
32702,17436
32703,28586
32711,66448
32713,17429
32714,70187
32715,70215
32717,71351
32719,63136
32720,33619
32728,76936
32732,17328
32735,59137
32736,17702
32738,45279
32740,17486
32749,17449
32758,56423
32759,17705
32761,72306
32762,75870
32763,43529
32764,17447
32765,65818
32767,27576
32768,59445
32771,43550
32773,45278
32774,45115
32775,43462
32776,52867
32778,17699
32780,17647
32785,72870
32786,72478
32787,75817
32790,17446
32791,28710
32792,17357
32795,56348
32796,17634
32797,76449
32801,17646
32807,28725
32812,17439
32815,28499
32819,57198
32828,68176
32836,60392
32842,17636
32844,73979
32846,17613
32848,71473
32850,17368
32854,17676
32855,27571
32858,28527
32861,69168
32862,17445
32863,65583
32866,92229
32874,51371
32877,74990
32883,17392
32885,17278
32886,54805
32887,45106
32892,65754
32894,73501
32895,17342
32901,59551
32902,71110
32906,74276
32907,17590
32915,17305
32918,17300
32922,17418
32925,60401
32926,17641
32927,17625
32933,70482
32936,56422
32938,66029
32942,74749
32958,60441
32960,74094
32966,67072
32988,27588
32990,80361
32991,36986
32995,76299
33002,30237
33005,76633
33007,30473
33010,72733
33014,76808
33015,77955
33019,76749
33037,70467
33038,77886
33107,76299
33113,45115
33121,79851
33168,63554
33169,81395
33171,43915
33172,81255
33173,100076
33175,80049
33176,37712
33177,79987
33178,37713
33179,86821
33181,1663
33261,37340
33267,12082
33271,17431
33277,73641
33278,73328
33283,63261
33297,79376
33309,64647
33310,80101
33311,2805
33312,64753
33313,37001
33318,72277
33319,172
33320,173
33324,68093
33328,56121
33329,63243
33332,64690
33334,60695
33335,63244
33337,58045
33340,56116
33341,69563
33346,28483
33356,80793
33357,67927
33359,77866
33362,48612
33363,64474
33370,65229
33371,79695
33372,43874
33374,82408
33381,78414
33382,64702
33384,79185
33387,78414
33503,56224
33504,56223
33505,72292
33506,56225
33507,56226
33516,78099
33527,54834
33532,79834
33534,49356
33535,58255
33536,49345
33537,49344
33538,49342
33540,57536
33600,73070
33608,56954
33609,4896
33615,69168
33628,51322
33651,71821
33653,70552
33655,81203
33657,80712
33660,37422
33667,46102
33668,57239
33672,59551
33673,75870
33674,8170
33733,10975
33749,10235
33751,10107
33757,11110
33771,53521
33784,10866
33789,11106
33793,75393
33798,28427
33800,10552
33801,9874
33807,9962
33810,79443
33821,30467
33836,30130
33855,45872
33856,45871
33857,45781
33858,45870
33859,45778
33867,45784
33868,45779
33870,66448
33895,24475
33896,52219
33899,65749
33913,80969
33914,52248
33915,124168
33917,24886
33920,51018
33925,77872
33945,64420
33951,82367
33954,17627
33964,17575
33968,46038
33969,81017
33971,82027
33972,44766
33977,46038
33981,30172
34001,21789
34002,17683
34009,80484
34022,80249
34023,70686
34039,76749
34051,77806
34056,129598
34057,80025
34060,20705
34061,43534
34074,65061
34082,27553
34083,69198
34091,33616
34092,21799
34094,76298
34098,76704
34139,67830
34156,80356
34158,30753
34159,9308
34163,3759
34164,3791
34165,29306
34191,56355
34193,6625
34195,5291
34200,5660
34216,5291
34217,5289
34221,5288
34223,5286
34225,5288
34227,5286
34230,5285
34234,5280
34235,5281
34236,5281
34237,5283
34241,6497
34243,74842
34252,126486
34255,95164
34263,6555
34265,78293
34272,78647
34277,80883
34278,81510
34279,129510
34280,80757
34290,13882
34292,56309
34296,66396
34297,2371
34302,12034
34303,2357
34309,24773
34310,80431
34311,42141
34314,2404
34332,78011
34375,75416
34378,30621
34384,54743
34395,17657
34401,33623
34402,70484
34403,42858
34404,64614
34405,31988
34459,77492
34460,73501
34471,80483
34475,30347
34482,79944
34485,22718
34492,23660
34504,79114
34505,81640
34513,319
34515,77914
34532,81167
34533,17613
34536,67317
34541,79185
34544,43227
34553,65524
34557,27563
34560,32329
34563,54630
34565,81944
34570,81199
34581,57611
34583,78468
34586,65750
34588,17367
34589,81200
34590,78964
34593,33623
34602,81223
34603,82592
34608,81054
34609,79150
34612,81797
34614,32513
34615,81635
34621,79113
34623,82571
34630,71103
34644,78359
34649,28500
34653,78083
34657,80065
34662,67072
34663,42929
34665,59553
34666,27591
34678,10288
34683,81783
34684,81418
34691,5425
34692,3514
34693,23259
34694,81358
34695,17427
34696,43534
34701,79318
34704,28427
34706,81371
34708,23667
34709,78271
34710,75694
34714,45783
34717,81391
34718,78888
34722,57620
34723,81451
34726,28736
34736,17683
34737,17682
34751,2813
34754,82174
34755,82055
34758,81997
34759,81972
34760,81815
34764,58413
34771,78581
34772,61724
34773,80870
34776,81846
34780,77808
34794,81463
34823,58409
34824,30391
34825,68431
34827,81633
34828,70202
34830,81054
34831,81632
34833,64372
34835,81622
34836,81613
34838,58685
34841,81596
34842,81689
34843,81562
34844,81687
34854,26707
34857,84028
34861,58067
34863,4164
34864,51549
34868,79318
34869,39093
34870,77967
34871,78927
34872,78232
34876,39081
34878,57077
34879,61246
34884,81245
34917,81813
34923,80605
34924,5411
34925,62828
34926,62833
34927,72933
34933,36490
34934,81357
34945,30256
34946,41027
34949,81968
34950,24609
34952,23656
34953,81862
34963,74084
34965,81862
34968,77818
34969,1022
34970,77306
34971,28548
34972,68913
34980,81387
34989,78686
34995,81371
34999,80626
35000,93066
35005,81999
35011,76164
35014,58527
35018,51549
35022,71376
35033,79179
35035,79012
35039,79179
35057,82191
35058,5392
35060,45901
35073,82462
35077,65756
35084,38068
35085,17581
35087,79042
35094,82592
35098,81632
35099,82368
35100,81223
35101,82545
35104,82288
35110,82257
35111,79013
35112,82281
35113,17583
35119,17439
35120,62869
35121,82074
35129,82311
35132,29368
35133,66297
35138,82349
35143,64614
35145,81181
35148,49341
35149,49358
35154,62069
35156,80132
35160,82350
35161,62515
35164,49352
35165,65756
35167,68806
35169,78456
35172,82129
35174,5392
35176,2799
35177,82191
35182,68968
35183,64929
35186,83071
35192,80626
35193,49350
35196,24506
35198,81499
35201,81999
35204,82288
35207,83247
35213,59415
35214,7893
35215,75255
35216,7482
35218,64374
35223,30077
35226,56072
35229,80072
35232,116465
35233,80742
35262,12149
35264,45249
35273,24459
35274,67117
35282,82487
35284,67510
35287,68970
35289,80915
35294,73854
35295,82605
35300,75255
35301,76406
35323,69563
35340,82647
35355,82567
35361,82574
35364,58045
35372,82552
35373,48609
35375,82605
35383,82588
35384,82599
35386,59133
35395,82541
35397,81687
35398,82564
35404,75742
35405,81379
35415,80090
35424,81633
35427,68026
35428,74586
35429,82600
35430,5393
35431,82755
35434,82626
35436,30095
35442,79347
35443,82647
35444,82645
35450,120118
35451,83149
35453,75360
35456,48608
35457,48609
35458,80896
35459,80700
35469,48612
35470,63621
35474,83590
35475,40797
35476,30766
35482,23906
35485,81030
35488,23930
35489,89131
35490,23933
35491,43586
35499,1233
35502,83137
35506,44687
35508,81927
35509,81397
35514,46110
35517,24504
35519,82261
35524,81622
35538,88174
35552,82673
35557,81689
35565,43697
35568,68214
35570,48280
35573,82466
35580,72391
35582,79972
35585,81449
35589,40480
35600,81533
35609,80867
35611,31958
35613,82756
35616,82763
35620,82949
35628,58685
35629,64761
35638,82914
35640,82657
35645,83646
35652,82649
35654,68939
35656,74275
35658,19035
35662,80090
35664,64611
35679,81025
35681,66826
35692,75126
35694,65831
35695,85519
35704,81020
35713,83599
35722,132830
35730,83249
35732,7507
35741,83463
35765,82134
35766,49339
35769,83097
35770,83095
35772,88179
35773,83497
35780,75199
35782,80316
35784,92520
35786,81031
35805,83643
35812,43595
35813,11377
35824,69727
35826,75068
35827,17655
35828,53585
35830,77360
35834,81641
35836,77832
35840,85475
35841,35276
35842,28733
35846,76946
35847,27599
35849,78459
35857,45779
35862,17660
35864,37165
35867,87690
35870,17580
35872,69813
35873,30185
35877,79276
35882,28685
35883,75500
35893,42535
35918,37531
35919,43053
35930,45660
35936,51553
35948,104753
35952,83646
35953,88436
35956,49011
35960,69397
35968,67113
35982,52890
35988,82714
35996,59134
36000,38636
36015,60003
36019,149570
36021,82074
36033,41120
36034,94705
36035,90703
36055,81473
36061,49488
36066,40797
36071,83023
36075,107976
36077,97808
36080,64820
36081,94423
36088,44000
36090,38552
36095,104307
36101,80499
36107,28724
36113,75645
36122,37538
36125,437
36126,436
36129,82774
36130,96227
36156,78503
36167,17358
36170,78242
36174,66533
36179,107917
36182,30056
36190,70274
36246,42732
36250,109365
36253,96211
36255,103725
36257,106724
36258,103727
36262,98177
36263,81656
36264,81006
36266,4588
36268,28684
36273,99708
36295,74891
36299,73473
36318,71528
36321,69347
36324,99141
36327,103985
36332,77808
36335,29351
36337,30386
36339,102633
36341,82283
36350,100167
36352,100164
36353,98723
36356,100166
36365,83059
36397,82502
36398,49510
36400,71499
36403,68283
36404,41751
36427,73819
36435,80997
36461,2083
36462,102254
36469,57603
36470,103068
36475,68206
36476,23130
36481,38071
36488,30221
36495,101755
36496,101850
36500,111021
36502,24652
36510,90236
36519,101963
36520,116188
36528,101537
36530,45544
36550,107994
36552,102365
36556,30051
36558,73145
36733,69310
36735,101859
36741,82519
36744,136803
36754,100155
36755,83213
36766,4610
36770,56119
36783,58025
36784,49338
36792,103485
36799,103490
36801,103911
36806,136585
36808,70704
36809,103731
36811,83563
36812,103741
36840,100155
36848,104028
36853,68256
36858,108253
36860,108251
36862,104050
36863,61153
36864,108254
36865,876
36867,104161
36875,112696
36880,108246
36890,122327
36891,103965
36892,105353
36897,107055
36907,307
36908,231
36909,8259
36914,107995
36921,386
36927,102638
36932,111708
36937,28613
36939,81074
36945,104962
36948,39589
36949,18561
36955,105878
36956,36302
36958,108057
36959,81724
36962,103741
36967,74447
36971,108186
36983,108353
36988,78200
36995,108025
37016,107941
37020,108091
37021,107938
37036,107902
37038,107937
37044,108059
37049,108038
37053,47822
37055,37538
37059,75831
37074,108026
37075,107940
37076,88242
37077,108054
37080,108053
37125,32431
37131,73707
37134,28756
37135,125361
37139,89078
37140,61746
37142,73707
37144,78443
37145,44462
37146,68705
37147,95165
37161,69522
37164,73808
37165,57599
37168,115125
37198,108942
37199,73891
37207,76228
37226,69116
37238,111014
37240,81797
37242,878
37251,81746
37254,43664
37256,13772
37258,13794
37261,17289
37268,82377
37270,110259
37274,108090
37278,108377
37279,109607
37280,79012
37281,77762
37285,80894
37288,81562
37289,63774
37290,109332
37291,109334
37297,83459
37299,45114
37301,58631
37304,109309
37310,99284
37312,98713
37317,71155
37318,82574
37323,81137
37327,109585
37328,109584
37337,58629
37339,80085
37342,109657
37347,57011
37351,101691
37353,109800
37358,109869
37363,109887
37364,59635
37365,109929
37368,58629
37370,132985
37371,108234
37374,109724
37376,73028
37382,80673
37384,106063
37386,109786
37392,48290
37394,5432
37395,109655
37397,76633
37402,5462
37411,110285
37413,110365
37416,24893
37417,110577
37419,110286
37430,110363
37433,110466
37438,110772
37445,110523
37459,83093
37460,64100
37461,109321
37463,103063
37464,78722
37466,110585
37479,102433
37499,110523
37502,110635
37503,110598
37504,44697
37506,110691
37508,111677
37527,82466
37528,110742
37529,110743
37533,116256
37535,51367
37539,110774
37540,78325
37546,349
37547,110891
37557,3253
37563,102484
37564,100486
37565,104165
37569,28793
37570,78821
37571,99938
37572,69271
37578,3252
37579,64354
37581,18326
37582,19139
37588,61743
37591,103489
37593,78929
37594,76098
37605,5383
37607,43678
37608,64065
37610,111451
37629,111883
37638,111827
37644,112030
37647,241
37649,82565
37653,115122
37655,112029
37671,87691
37680,102165
37682,100544
37693,100162
37694,88208
37695,112218
37696,112345
37700,74604
37701,23965
37702,67512
37703,110447
37704,112266
37705,80852
37706,101563
37707,112700
37716,23911
37717,102203
37723,131347
37724,72855
37728,118351
37729,28472
37731,80309
37732,112641
37735,110131
37752,21793
37754,112905
37755,28487
37790,112800
37791,83755
37829,108077
37834,87987
37837,21798
37840,111589
37841,113148
37845,130353
37851,54549
37852,38745
37853,38676
37856,38675
37869,116200
37872,112708
37891,57467
37892,48067
37893,113499
37896,113525
37902,35308
37913,113779
37947,116195
37948,116192
37951,111827
37969,37165
37970,114276
37980,116191
37981,113803
37983,114444
37987,81994
37999,103271
38003,44697
38014,97873
38015,115557
38033,6741
38039,112779
38042,112355
38047,5673
38050,113799
38057,29047
38059,126243
38067,16183
38068,5610
38070,111589
38090,128320
38091,15997
38106,113052
38107,113803
38130,30033
38135,52863
38145,62473
38147,60546
38153,37847
38154,70972
38161,61652
38164,37664
38168,37655
38169,43313
38179,113834
38181,48093
38184,61651
38185,71195
38187,64812
38188,45067
38190,80423
38191,67201
38193,58417
38194,103556
38201,68030
38202,83224
38204,86923
38208,69209
38209,60556
38215,48100
38216,111069
38217,80318
38221,55094
38222,42134
38224,2355
38226,37628
38227,65135
38234,78955
38235,55381
38247,40743
38250,47019
38253,116117
38254,115906
38256,71187
38257,40746
38261,63274
38262,46239
38263,83314
38264,115987
38270,37649
38272,67524
38273,40717
38274,60544
38276,112745
38277,103557
38283,68040
38284,60523
38290,110862
38292,46710
38295,40710
38296,82304
38297,80323
38298,67219
38301,47453
38302,71534
38303,78999
38305,80353
38310,65243
38312,80102
38313,101006
38315,58430
38316,56589
38318,71352
38319,37646
38320,69204
38322,64808
38323,46541
38325,101019
38326,101534
38329,78611
38330,64150
38332,113728
38333,82307
38335,78956
38336,112747
38337,115363
38341,76655
38342,92008
38343,60551
38346,60645
38349,43312
38351,79103
38353,76451
38355,50423
38356,37658
38357,70927
38358,115996
38361,60073
38363,57800
38364,115367
38366,76332
38368,68055
38369,68440
38373,64811
38374,115366
38375,113846
38376,37673
38381,71197
38382,81904
38383,53738
38387,82126
38392,115997
38399,37602
38403,115995
38404,71971
38406,115370
38409,60530
38410,44743
38414,48076
38420,81013
38423,84042
38426,68043
38428,80077
38432,40753
38435,50432
38438,37637
38439,115364
38443,61127
38444,71189
38446,76225
38449,69745
38450,54555
38451,80281
38453,40716
38455,67229
38458,46576
38459,80320
38460,92139
38461,81977
38463,57740
38466,68028
38469,46241
38470,40754
38473,115360
38474,43319
38475,51590
38477,81735
38478,82305
38479,78843
38481,111068
38483,67231
38484,71277
38486,76796
38487,60542
38490,50391
38491,64400
38502,55976
38503,71650
38509,78780
38510,68057
38514,46713
38519,43323
38521,46574
38523,115884
38533,116110
38535,76265
38538,113835
38541,116354
38542,115985
38544,30413
38547,40768
38548,69209
38551,81977
38553,55866
38554,76225
38558,58430
38559,40743
38561,40716
38562,55976
38570,55381
38571,64400
38572,67219
38576,43308
38579,55094
38580,57740
38581,62473
38582,43323
38584,84042
38587,50432
38588,77909
38591,57846
38598,115981
38601,67231
38602,37635
38605,43316
38606,93071
38607,61651
38608,60523
38609,48093
38611,81013
38612,97752
38614,61652
38616,76332
38618,68440
38620,64150
38624,58417
38627,64894
38631,37847
38634,67584
38641,81735
38642,82305
38644,71187
38650,37655
38652,37641
38654,50391
38656,37657
38658,78611
38661,115364
38664,80323
38665,40754
38666,68040
38672,55863
38676,68055
38677,113846
38679,115997
38682,113543
38684,62827
38686,60071
38687,116472
38690,79093
38691,98435
38696,83098
38700,43319
38703,43312
38705,67524
38706,103160
38707,112745
38708,86923
38711,115978
38714,116955
38715,115861
38717,23214
38740,30051
38742,114223
38743,114224
38745,116664
38747,111868
38748,116846
38754,116209
38760,112432
38773,116567
38778,8348
38779,26013
38781,8323
38785,37551
38786,23025
38787,23122
38790,102485
38792,116908
38793,116913
38794,116905
38796,117389
38797,116901
38799,117395
38804,113835
38805,27606
38807,59260
38808,50509
38810,116011
38815,116662
38826,111677
38827,76662
38829,117922
38831,58528
38834,116454
38837,63698
38838,115794
38850,117340
38852,67214
38853,115998
38860,102094
38862,116524
38863,62743
38864,48074
38868,68702
38869,116755
38872,116920
38873,123247
38874,126277
38875,78845
38880,119720
38881,120810
38884,33415
38885,37538
38886,103160
38893,58185
38898,82012
38899,117541
38902,2321
38904,104607
38907,56073
38908,116917
38909,117106
38914,116916
38917,58429
38919,117219
38921,78942
38922,38393
38924,112237
38925,22675
38926,115485
38928,4142
38929,37610
38931,117189
38935,117160
38937,113834
38938,111675
38941,117431
38942,111589
38943,67226
38945,46713
38950,151244
38951,42875
38952,115918
38953,81681
38955,37658
38957,110515
38958,47817
38959,49516
38961,117431
38964,114444
38965,69347
38968,37649
38972,28785
38977,37628
38979,60645
38984,30444
38986,115068
38989,109049
38990,47016
38993,116787
38994,61127
38995,130844
38998,79002
39006,28487
39007,109049
39008,118216
39009,58016
39012,118349
39013,117169
39014,142167
39016,111076
39017,111069
39024,49815
39028,117666
39029,117800
39030,116524
39032,118103
39034,115794
39043,51158
39050,71195
39051,107994
39097,59159
39098,118856
39103,117807
39104,114147
39105,24959
39107,118881
39109,109049
39111,118194
39112,118193
39124,117805
39125,117666
39126,117800
39140,110259
39146,24957
39148,119570
39151,74940
39152,80195
39154,117445
39155,129740
39157,100474
39163,111801
39166,44727
39170,36403
39172,116265
39173,37646
39176,69031
39181,26007
39183,119046
39184,44726
39185,63447
39186,118843
39190,116588
39191,116011
39192,100346
39196,120265
39197,64149
39199,81018
39201,50763
39202,115987
39203,83314
39205,129852
39208,16240
39212,99697
39213,116979
39218,46239
39220,82307
39222,112733
39223,119842
39224,113511
39225,104200
39228,69943
39232,20860
39234,118877
39244,118673
39249,8339
39250,118293
39251,118661
39253,45599
39254,69745
39255,64811
39257,65350
39260,8365
39267,118605
39272,43466
39273,118097
39278,108188
39280,64761
39287,119199
39288,120117
39294,23337
39296,113577
39297,92435
39299,15778
39307,81792
39319,123338
39323,82301
39324,126824
39325,37610
39331,120356
39332,38927
39336,115308
39337,120516
39341,81726
39342,3504
39343,49518
39344,120515
39345,118475
39346,118534
39347,3550
39356,3961
39357,3960
39359,65856
39364,62869
39371,116471
39373,121100
39374,116787
39385,79991
39392,112345
39393,167
39400,72335
39402,76296
39406,82001
39408,60081
39411,72740
39413,23335
39417,121905
39418,121904
39419,57161
39421,121484
39423,123359
39425,123321
39438,121472
39440,81890
39441,121473
39445,83609
39446,77147
39447,114935
39449,81890
39451,115597
39455,88162
39459,72245
39460,80077
39463,116365
39465,63447
39467,46540
39469,37626
39474,115822
39482,116758
39483,49365
39486,81176
39489,145410
39491,49357
39492,116679
39497,122910
39501,125078
39502,113728
39511,54552
39514,78865
39519,43647
39524,79313
39525,81669
39527,116676
39546,122977
39549,3525
39551,59127
39552,99411
39555,4026
39573,122845
39574,122810
39587,44515
39588,44701
39592,122909
39598,123039
39599,58391
39602,123513
39606,120195
39608,41831
39609,120194
39612,123309
39614,116565
39615,71352
39619,71197
39627,109025
39628,72398
39629,123374
39632,122616
39634,81521
39637,81525
39647,115992
39648,110495
39665,68702
39669,58409
39670,123759
39672,17636
39674,111677
39676,58528
39686,88169
39687,23164
39689,119045
39705,123958
39707,122841
39713,79483
39716,21726
39717,71091
39723,112126
39724,111183
39726,76687
39729,124315
39733,111375
39736,124203
39754,60436
39755,76403
39756,113839
39757,46572
39758,123769
39760,81904
39761,63274
39765,121435
39766,68030
39772,18769
39776,116025
39782,30753
39787,23340
39788,51816
39802,76539
39807,59520
39808,34789
39810,76296
39813,80057
39815,50391
39816,124464
39818,49827
39820,108146
39829,84072
39846,125079
39847,38463
39853,123365
39855,124808
39858,5518
39859,5418
39860,5503
39862,72808
39866,82372
39877,112469
39890,98182
39899,28744
39907,125402
39908,116354
39909,115367
39912,53511
39919,67227
39920,125369
39922,64077
39923,125368
39924,124723
39926,118889
39927,149789
39931,42487
39932,59420
39936,126103
39937,111554
39945,125856
39949,22771
39986,80426
39989,78862
39997,125696
40007,57842
40008,115998
40021,120841
40022,28558
40024,1390
40037,129085
40040,68810
40045,73642
40046,44743
40047,80320
40048,57842
40051,71352
40053,51590
40054,113846
40055,58417
40057,46572
40058,37602
40150,126020
40152,103282
40153,5370
40163,126074
40235,125780
40241,126255
40248,126073
40249,126029
40255,126082
40263,126158
40268,3072
40272,126418
40274,126420
40277,104810
40278,126258
40279,123665
40281,126328
40284,9230
40285,126597
40289,75123
40290,118076
40291,124936
40292,116934
40293,102143
40295,126234
40296,116932
40301,117724
40303,81675
40305,117513
40306,72727
40308,28685
40310,129826
40315,126417
40322,126069
40323,126535
40326,82612
40327,80855
40330,108063
40339,80955
40341,78809
40347,60546
40348,69205
40349,44742
40354,44727
40363,126601
40364,1187
40368,83500
40372,71377
40379,126703
40380,125226
40389,154863
40396,5528
40401,112714
40405,117059
40411,42878
40413,55860
40414,37437
40415,114150
40428,76197
40439,116788
40441,126877
40443,80228
40446,126912
40461,67252
40469,80120
40473,64146
40475,126914
40476,126913
40479,126943
40489,78848
40490,80535
40496,37675
40508,71151
40515,116565
40519,67211
40520,123769
40525,127069
40532,65366
40533,55867
40537,43336
40541,129455
40544,5338
40545,5337
40547,65272
40548,47019
40550,124053
40556,126119
40564,75814
40566,5502
40567,74045
40572,108404
40573,127338
40580,105333
40584,70883
40586,16028
40601,9108
40606,64970
40611,1795
40616,111022
40620,39086
40630,126869
40641,116678
40642,82658
40655,116894
40659,111492
40663,99680
40664,48249
40665,109586
40667,116364
40668,127358
40675,80170
40682,70032
40683,69963
40685,108372
40696,75683
40708,116183
40711,126913
40713,125079
40715,55867
40717,128310
40719,117306
40728,117987
40729,127529
40733,127528
40734,127530
40735,33640
40736,73810
40738,30277
40743,77384
40827,56118
40832,74632
40844,103874
40846,115934
40860,124693
40866,127274
40867,32005
40868,83916
40876,29348
40878,44742
40880,64149
40883,127888
40920,81196
40921,92237
40926,144122
40941,123511
40980,127827
40987,41090
40991,7838
40992,111867
41010,55764
41028,118624
41039,11381
41042,117794
41050,60644
41054,128194
41055,60073
41056,128215
41058,115677
41082,45120
41084,52315
41086,126240
41087,60206
41088,74341
41089,37011
41093,56919
41094,66832
41096,107205
41097,107082
41098,83589
41099,56879
41105,128011
41111,129495
41112,117735
41122,60617
41123,128761
41124,117829
41135,73974
41137,128212
41138,81467
41142,127084
41144,114850
41146,118246
41147,124631
41148,125396
41149,28414
41150,68636
41152,103937
41153,109735
41154,106722
41155,103981
41156,112805
41157,118625
41163,70929
41164,117067
41167,127358
41172,56073
41173,62478
41175,141654
41179,128785
41183,28724
41184,49337
41186,17387
41189,128400
41190,9131
41191,129350
41192,125168
41197,128426
41198,116360
41201,129495
41202,116916
41203,117365
41207,144723
41212,40544
41220,128687
41222,130668
41224,116672
41227,68039
41231,113844
41234,58429
41236,55858
41237,40730
41241,98748
41249,119217
41254,103153
41255,124482
41260,128508
41261,127628
41263,129687
41267,120641
41271,68057
41278,64518
41289,1774
41294,84737
41296,83124
41306,54380
41309,40739
41311,80320
41312,80281
41313,71277
41317,129966
41319,72978
41322,36985
41325,11357
41332,20274
41345,129349
41347,126388
41351,115043
41353,48985
41356,3043
41369,47983
41375,47406
41390,71377
41395,76349
41399,113510
41402,117455
41413,60698
41415,129549
41426,129077
41427,128945
41428,20772
41429,20838
41431,20796
41432,129078
41433,128982
41434,132320
41435,132321
41478,44505
41480,130036
41483,129088
41487,117440
41489,3056
41494,129990
41496,119842
41498,103059
41502,130485
41506,111404
41510,128940
41523,80584
41530,20260
41531,23258
41537,39546
41540,102433
41549,80783
41550,76330
41559,123828
41564,36504
41573,128153
41576,129965
41577,129964
41579,129989
41580,130484
41583,38182
41588,129376
41589,40751
41596,128311
41597,129108
41598,129988
41599,37664
41607,60975
41638,87961
41655,116065
41667,60935
41669,112361
41691,56987
41693,102124
41695,132010
41700,12072
41707,105817
41708,104062
41713,125885
41718,117380
41724,38516
41727,114015
41730,129481
41735,33350
41738,128495
41743,70917
41753,80235
41766,46043
41789,129140
41799,127349
41809,77373
41821,130487
41823,103962
41827,41882
41828,66748
41829,70612
41830,81131
41831,117745
41843,151579
41844,13965
41846,23134
41847,41962
41848,117274
41849,23000
41850,69160
41851,130250
41864,130392
41872,130323
41873,67193
41874,130327
41879,130339
41896,130495
41897,122131
41898,130507
41907,129132
41908,130585
41923,129161
41925,99402
41952,69943
41953,44685
41954,44685
41967,855
41970,69160
41976,63722
41978,878
41979,51062
41984,51820
41986,68725
41988,883
41989,38607
41990,296
41992,242
41994,2087
41996,21748
41997,863
41999,2905
42001,36343
42004,15819
42006,68705
42007,69039
42008,879
42009,884
42027,4111
42035,68667
42044,68703
42045,44462
42047,4156
42048,861
42049,895
42050,167
42051,23335
42056,2085
42059,864
42061,116524
42062,57833
42065,130760
42066,112345
42067,128204
42071,129521
42074,71091
42075,79179
42077,876
42078,68689
42083,79012
42087,79114
42091,82755
42092,4142
42097,78225
42102,71103
42107,23660
42108,81681
42109,81789
42111,63697
42112,130761
42116,110259
42121,23318
42124,23667
42129,4164
42134,63698
42137,130827
42139,156595
42142,37551
42144,130990
42145,116366
42153,104597
42158,108166
42161,46800
42163,116664
42165,130723
42174,32502
42178,116886
42184,129143
42185,12151
42188,129199
42197,74032
42208,130972
42210,20859
42216,21708
42218,111375
42222,51148
42230,68702
42232,117666
42235,130959
42238,102283
42255,117800
42262,4132
42264,133116
42267,81371
42268,58366
42274,22675
42283,117439
42284,20852
42290,131637
42292,30126
42297,46680
42300,131185
42303,4153
42305,58413
42307,899
42308,129519
42309,124427
42317,159182
42326,108188
42328,128087
42329,71205
42330,128769
42331,101280
42336,131056
42338,81635
42360,133261
42365,58034
42368,66214
42369,128767
42378,132204
42381,78943
42385,78867
42386,131189
42388,131192
42389,107263
42390,49669
42393,72096
42409,49643
42410,41952
42411,120810
42461,50423
42473,131765
42474,102076
42475,122664
42476,72274
42478,103728
42481,104059
42486,38617
42487,65696
42489,104609
42490,130308
42494,127017
42495,113390
42496,864
42498,68686
42499,133420
42500,132772
42504,2088
42505,63851
42508,129525
42512,21744
42517,81890
42518,104161
42519,4100
42521,133260
42523,129781
42524,4140
42528,23319
42529,80565
42532,129521
42537,132632
42538,32502
42540,119844
42543,23656
42544,82288
42545,925
42548,898
42550,132385
42551,104294
42552,104299
42553,4151
42557,58363
42558,38416
42561,51158
42562,81813
42564,50594
42565,108186
42569,127859
42574,45885
42575,126571
42578,131800
42579,131473
42581,131890
42588,151377
42597,7983
42599,35041
42610,126428
42622,41349
42633,131996
42656,118348
42657,128556
42658,127101
42659,83214
42660,130505
42670,128515
42677,81577
42679,37528
42684,126571
42691,65154
42692,131002
42704,132407
42705,132406
42708,129720
42728,24906
42734,132016
42738,133262
42739,132771
42740,133419
42754,133446
42755,80620
42760,133262
42761,32424
42770,131996
42771,133154
42773,40710
42781,66531
42782,73893
42785,21726
42789,132002
42794,38203
42795,71297
42798,134246
42803,71248
42806,131785
42808,40710
42810,81756
42822,133557
42824,133849
42841,131188
42842,63497
42847,133490
42853,117694
42855,96216
42856,134992
42857,134448
42859,132565
42863,132103
42887,131826
42902,153286
42905,5292
42910,85455
42913,43522
42915,115794
42916,45561
42923,134990
42928,134443
42945,133193
42947,133756
42948,131785
42960,136311
42961,112386
42962,126654
42972,131305
42974,68283
42978,135155
42979,103068
42993,77891
42999,132294
43004,4540
43005,136702
43006,70452
43015,5420
43018,127001
43023,65862
43024,141080
43025,5506
43036,132224
43041,38751
43042,136290
43046,80400
43058,103281
43059,32223
43060,111080
43061,51105
43062,38250
43063,78638
43065,136287
43076,137291
43080,137922
43092,83584
43106,136851
43107,8395
43109,100326
43110,18311
43111,18713
43117,135128
43128,134022
43130,137508
43138,88408
43141,119741
43146,132724
43148,37626
43169,136886
43170,139106
43171,138389
43174,78210
43177,99714
43180,138356
43189,116001
43196,127434
43198,30286
43199,62745
43203,136723
43205,138821
43208,151594
43210,131490
43215,136312
43217,138055
43218,139199
43222,131915
43223,132385
43234,1779
43237,56878
43241,56720
43250,140517
43252,129132
43255,122462
43259,129041
43261,109307
43262,126440
43263,129299
43264,32406
43266,69742
43267,125078
43268,128710
43272,50604
43277,71560
43286,141331
43288,141479
43290,62723
43292,153044
43294,128084
43295,121109
43299,141935
43304,143636
43309,45296
43314,127804
43321,52154
43328,135155
43338,142777
43339,57282
43340,132152
43355,143068
43359,143904
43367,143436
43368,82005
43376,23912
43379,108988
43381,117154
43383,142309
43388,126048
43391,104302
43396,143908
43398,76057
43401,143901
43403,143551
43404,146131
43412,64610
43413,86518
43414,132999
43416,1355
43417,1414
43418,147359
43419,137721
43420,132151
43424,124918
43426,143773
43430,80582
43440,144147
43441,117668
43452,138070
43453,127804
43454,60557
43459,143551
43470,38158
43478,144000
43486,86453
43489,80214
43501,143372
43502,55866
43503,71824
43508,56885
43511,3854
43515,28825
43518,61530
43520,65284
43523,141653
43527,58128
43534,27790
43541,56589
43544,149740
43545,151380
43548,129507
43551,151381
43552,151383
43557,147787
43558,156398
43559,152750
43562,149735
43564,148233
43570,139011
43571,149740
43572,83098
43631,40717
43635,852
43660,107964
43663,39534
43664,72620
43665,73947
43673,149752
43674,131985
43689,83221
43690,139765
43691,112747
43723,60544
43724,116572
43726,44743
43727,30071
43746,143657
43747,28706
43807,149420
43812,118414
43828,150658
43829,83225
43830,71274
43831,30634
43833,113648
43835,106634
43839,118414
43840,48076
43842,151062
43845,143795
43855,149733
43861,118983
43866,97263
43867,151950
43893,131884
43896,115985
43897,148205
43899,128847
43900,152573
43903,118670
43904,156164
43906,63985
43913,28371
43925,138070
43927,153836
43945,146107
43946,157164
43951,151012
43954,153280
43955,77334
43956,72619
43958,78780
43968,46043
43971,162468
43974,149604
43977,30724
43988,136844
44002,62490
44009,52831
44017,153688
44019,153675
44020,153887
44021,149276
44022,128047
44023,48775
44041,62070
44043,78483
44046,131005
44049,72584
44057,150945
44063,155079
44064,155086
44065,155081
44066,155080
44070,132319
44072,155143
44074,155146
44075,155144
44076,42877
44087,103765
44088,5434
44090,153897
44099,155401
44100,152776
44103,5339
44105,30091
44107,144312
44109,70972
44112,116567
44113,82051
44116,36982
44118,136947
44120,43835
44128,130265
44129,79608
44132,101534
44136,135849
44137,138498
44146,155580
44147,61651
44154,66140
44155,71352
44156,67231
44157,67875
44160,82304
44161,68188
44162,48093
44170,151010
44176,157319
44178,59660
44188,128832
44196,153951
44203,71058
44218,5427
44221,137545
44222,137531
44228,68039
44229,116672
44233,115996
44236,155225
44245,155905
44246,104497
44248,115981
44249,61126
44269,60551
44288,114097
44299,112713
44306,152401
44315,104973
44321,155312
44323,131224
44325,156310
44326,156363
44327,156365
44330,160129
44333,134891
44339,71878
44341,68201
44342,135288
44343,156311
44344,156367
44345,156366
44346,156281
44359,60975
44361,156432
44362,128748
44399,118349
44402,50394
44412,78510
44418,140013
44421,52435
44427,133865
44435,102283
44436,83104
44439,98748
44446,157061
44447,75723
44454,72623
44456,117170
44459,89396
44461,30071
44466,67090
44467,144995
44468,20276
44476,126441
44481,123838
44482,130774
44484,135208
44485,128266
44489,63688
44492,99402
44493,71818
44503,63679
44508,115740
44516,162468
44522,127758
44527,158278
44529,157259
44530,126756
44531,67055
44537,158101
44547,82705
44548,152067
44549,157529
44555,132590
44559,132411
44563,157321
44564,148779
44565,56814
44583,4229
44584,128358
44585,151396
44600,80960
44602,116572
44603,76655
44607,123937
44610,108891
44612,30152
44625,160108
44630,127412
44635,158282
44638,161528
44642,23969
44643,131119
44646,126319
44647,71413
44679,74025
44680,158448
44681,158443
44684,158516
44700,158517
44705,136960
44707,159921
44708,116780
44709,103120
44767,158616
44769,154931
44770,139797
44771,142132
44780,159054
44787,57807
44838,43837
44845,159269
44848,159188
44849,159639
44855,150733
44860,157264
44872,7585
44873,126386
44876,7555
44886,127497
44903,41150
44907,125769
44908,104029
44910,7571
44912,127134
44914,7584
44922,7622
44937,160662
44943,66334
44950,138356
44957,124411
44966,70903
44967,136209
44971,124518
44983,66171
44991,121063
44992,134764
44993,138585
44999,7492
45009,117786
45014,7552
45016,126158
45025,73736
45029,67226
45031,149239
45033,141010
45035,121082
45036,134073
45043,136848
45048,57842
45050,116364
45054,37664
45060,63829
45070,41932
45072,158034
45074,63795
45080,127943
45081,7579
45086,32177
45096,155224
45102,81057
45105,7482
45111,123263
45112,69266
45118,80403
45120,162193
45122,157863
45128,134782
45133,134103
45134,154729
45135,64397
45144,162536
45145,162775
45146,103060
45147,162533
45150,115307
45159,152013
45161,79088
45165,124513
45168,85676
45172,158720
45174,115306
45181,123243
45183,7455
45185,113788
45199,162751
45208,162798
45209,156398
45227,83170
45238,158740
45239,163252
45247,163059
45252,154775
45253,163499
45254,126824
45255,82301
45258,137983
45263,37620
45272,103807
45280,54383
45281,64866
45282,159226
45283,159224
45286,159225
45301,83759
45305,143278
45315,132221
45316,157858
45323,162750
45327,116357
45329,60547
45332,126781
45333,76753
